-- mysqldump-php https://github.com/ifsnop/mysqldump-php
--
-- Host: localhost	Database: event
-- ------------------------------------------------------
-- Server version 	8.0.19-0ubuntu0.19.10.3
-- Date: Wed, 08 Apr 2020 13:50:42 -0400

/*!40101 SET @OLD_CHARACTER_SET_CLIENT=@@CHARACTER_SET_CLIENT */;
/*!40101 SET @OLD_CHARACTER_SET_RESULTS=@@CHARACTER_SET_RESULTS */;
/*!40101 SET @OLD_COLLATION_CONNECTION=@@COLLATION_CONNECTION */;
/*!40101 SET NAMES utf8 */;
/*!40103 SET @OLD_TIME_ZONE=@@TIME_ZONE */;
/*!40103 SET TIME_ZONE='+00:00' */;
/*!40014 SET @OLD_UNIQUE_CHECKS=@@UNIQUE_CHECKS, UNIQUE_CHECKS=0 */;
/*!40014 SET @OLD_FOREIGN_KEY_CHECKS=@@FOREIGN_KEY_CHECKS, FOREIGN_KEY_CHECKS=0 */;
/*!40101 SET @OLD_SQL_MODE=@@SQL_MODE, SQL_MODE='NO_AUTO_VALUE_ON_ZERO' */;
/*!40111 SET @OLD_SQL_NOTES=@@SQL_NOTES, SQL_NOTES=0 */;

--
-- Table structure for table `compteurs`
--

/*!40101 SET @saved_cs_client     = @@character_set_client */;
/*!40101 SET character_set_client = utf8 */;
CREATE TABLE `compteurs` (
  `navigateur` varchar(191) CHARACTER SET utf8mb4 COLLATE utf8mb4_unicode_ci DEFAULT 'n/a',
  `os` varchar(191) CHARACTER SET utf8mb4 COLLATE utf8mb4_unicode_ci DEFAULT 'n/a',
  `pages` varchar(191) CHARACTER SET utf8mb4 COLLATE utf8mb4_unicode_ci DEFAULT 'n/a',
  `device` varchar(191) CHARACTER SET utf8mb4 COLLATE utf8mb4_unicode_ci DEFAULT 'n/a',
  `ip` varchar(191) CHARACTER SET utf8mb4 COLLATE utf8mb4_unicode_ci DEFAULT '127.0.0.1',
  `id` bigint unsigned NOT NULL AUTO_INCREMENT,
  `idUser` varchar(100) CHARACTER SET utf8mb4 COLLATE utf8mb4_unicode_ci DEFAULT '',
  `date` datetime NOT NULL DEFAULT CURRENT_TIMESTAMP,
  PRIMARY KEY (`id`)
) ENGINE=InnoDB AUTO_INCREMENT=66 DEFAULT CHARSET=utf8mb4 COLLATE=utf8mb4_unicode_ci;
/*!40101 SET character_set_client = @saved_cs_client */;

--
-- Dumping data for table `compteurs`
--

LOCK TABLES `compteurs` WRITE;
/*!40000 ALTER TABLE `compteurs` DISABLE KEYS */;
SET autocommit=0;
INSERT INTO `compteurs` VALUES ('Firefox','Ubuntu','accueil','Computer','127.0.0.1',63,'1','2020-04-08 09:18:12'),('Firefox','Ubuntu','accueil','Computer','127.0.0.1',64,'1','2020-04-08 11:18:47'),('Firefox','Ubuntu','login','Computer','127.0.0.1',65,'0','2020-04-08 12:34:45');
/*!40000 ALTER TABLE `compteurs` ENABLE KEYS */;
UNLOCK TABLES;
COMMIT;

-- Dumped table `compteurs` with 3 row(s)
--

--
-- Table structure for table `event`
--

/*!40101 SET @saved_cs_client     = @@character_set_client */;
/*!40101 SET character_set_client = utf8 */;
CREATE TABLE `event` (
  `id` int NOT NULL AUTO_INCREMENT,
  `titre` tinytext,
  `description` tinytext,
  `date_debut` varchar(50) DEFAULT NULL,
  `date` datetime DEFAULT CURRENT_TIMESTAMP,
  `id_user` int DEFAULT NULL,
  `id_config` int DEFAULT NULL,
  PRIMARY KEY (`id`),
  KEY `FK_event_utilisateur` (`id_user`),
  KEY `FK_event_setting` (`id_config`),
  CONSTRAINT `FK_event_setting` FOREIGN KEY (`id_config`) REFERENCES `setting` (`id`) ON DELETE CASCADE ON UPDATE CASCADE,
  CONSTRAINT `FK_event_utilisateur` FOREIGN KEY (`id_user`) REFERENCES `utilisateur` (`id`) ON DELETE CASCADE ON UPDATE CASCADE
) ENGINE=InnoDB AUTO_INCREMENT=12 DEFAULT CHARSET=latin1;
/*!40101 SET character_set_client = @saved_cs_client */;

--
-- Dumping data for table `event`
--

LOCK TABLES `event` WRITE;
/*!40000 ALTER TABLE `event` DISABLE KEYS */;
SET autocommit=0;
INSERT INTO `event` VALUES (4,'week-end','Organisation d\\\'une jounée à base educative et de promotion','2019-08-28 08:00','2019-07-31 13:51:43',4,6),(5,'Festi-Tech 4.0','Festi-Tech, l’un des plus grand rendez-vous technologique de la place.','2020-04-24 16','2020-02-12 18:16:25',12,10),(6,'Camp Pascal','Inscription réussite','2020-04-04 07:00','2020-02-14 16:50:02',14,8),(8,'OSI','hgfr','2020-04-05 ','2020-03-12 17:53:45',15,11),(11,'www','dd','2016-03-30 ','2020-03-27 16:58:46',1,15);
/*!40000 ALTER TABLE `event` ENABLE KEYS */;
UNLOCK TABLES;
COMMIT;

-- Dumped table `event` with 5 row(s)
--

--
-- Table structure for table `event_registrant`
--

/*!40101 SET @saved_cs_client     = @@character_set_client */;
/*!40101 SET character_set_client = utf8 */;
CREATE TABLE `event_registrant` (
  `id` int NOT NULL AUTO_INCREMENT,
  `id_event` int NOT NULL,
  `id_user` int NOT NULL,
  PRIMARY KEY (`id`),
  KEY `FK_event_registrant_event` (`id_event`),
  KEY `FK_event_registrant_utilisateur` (`id_user`),
  CONSTRAINT `FK_event_registrant_event` FOREIGN KEY (`id_event`) REFERENCES `event` (`id`),
  CONSTRAINT `FK_event_registrant_utilisateur` FOREIGN KEY (`id_user`) REFERENCES `utilisateur` (`id`)
) ENGINE=InnoDB AUTO_INCREMENT=5 DEFAULT CHARSET=latin1;
/*!40101 SET character_set_client = @saved_cs_client */;

--
-- Dumping data for table `event_registrant`
--

LOCK TABLES `event_registrant` WRITE;
/*!40000 ALTER TABLE `event_registrant` DISABLE KEYS */;
SET autocommit=0;
INSERT INTO `event_registrant` VALUES (3,4,7),(4,11,1);
/*!40000 ALTER TABLE `event_registrant` ENABLE KEYS */;
UNLOCK TABLES;
COMMIT;

-- Dumped table `event_registrant` with 2 row(s)
--

--
-- Table structure for table `participant`
--

/*!40101 SET @saved_cs_client     = @@character_set_client */;
/*!40101 SET character_set_client = utf8 */;
CREATE TABLE `participant` (
  `id` int NOT NULL AUTO_INCREMENT,
  `nom` varchar(50) DEFAULT NULL,
  `prenom` varchar(50) DEFAULT NULL,
  `sexe` varchar(50) DEFAULT NULL,
  `email` varchar(50) DEFAULT NULL,
  `telephone` varchar(50) DEFAULT NULL,
  `profession` varchar(50) DEFAULT NULL,
  `date` datetime DEFAULT CURRENT_TIMESTAMP,
  `id_event` int DEFAULT NULL,
  `id_user` int DEFAULT NULL,
  `send` enum('OUI','NON') NOT NULL DEFAULT 'NON',
  PRIMARY KEY (`id`),
  KEY `FK_participant_event` (`id_event`),
  KEY `FK_participant_utilisateur` (`id_user`),
  CONSTRAINT `FK_participant_event` FOREIGN KEY (`id_event`) REFERENCES `event` (`id`),
  CONSTRAINT `FK_participant_utilisateur` FOREIGN KEY (`id_user`) REFERENCES `utilisateur` (`id`)
) ENGINE=InnoDB AUTO_INCREMENT=1591 DEFAULT CHARSET=latin1;
/*!40101 SET character_set_client = @saved_cs_client */;

--
-- Dumping data for table `participant`
--

LOCK TABLES `participant` WRITE;
/*!40000 ALTER TABLE `participant` DISABLE KEYS */;
SET autocommit=0;
INSERT INTO `participant` VALUES (12,'Dorvil','Judler','Masculin','jhjdfhjdh@gmail.com','+50944338693','Informaticien','2019-08-19 09:45:10',4,4,'NON'),(13,'Pierre','Rodolphe','Masculin','dfgd@gmail.cm','+50949448165','Invité','2019-08-19 12:55:29',4,4,'NON'),(15,'Isme','Salomon','Masculin','jjjh@gmail.com','+50937502394','Invité','2019-08-19 13:16:55',4,4,'NON'),(16,'Sidrenice','Renel','Masculin','SidreniceRenel@gmail.com','+50944404160','Invité','2019-08-19 13:20:48',4,4,'NON'),(17,'Jozile','Haendel Lovinsky','Masculin','jozileh3@gmail.com','+50936702056','Graphiste','2019-08-27 11:50:58',4,4,'NON'),(18,'Appolon','Chilove','Feminin','chiloveappolon@gmail.com','+50944120768','Invite','2019-08-27 11:51:04',4,4,'NON'),(19,'Jean-Baptiste','Schedet','Masculin','jbschedet1@gmail.com','+50946522508','Graphiste','2019-08-27 11:53:04',4,4,'NON'),(20,'Appolon','Shella','Feminin','shellaappolon@gmail.com','+50947611312','Etudiant','2019-08-27 11:54:14',4,4,'NON'),(21,'Herminal','Taina','Feminin','tainah20@gmail.com','+50936702056','Caissière','2019-08-27 11:55:37',4,4,'NON'),(22,'Cantave','Marielle','Feminin','mama@gmail.com','+50948630153','Etudiant','2019-08-27 11:56:32',4,4,'NON'),(23,'Charly','Etienne','Masculin','char@gmail.com','+50947205515','Etudiant','2019-08-27 11:57:59',4,4,'NON'),(24,'Dorcius','Shilove','Feminin','','+50941508378','Informaticienne','2019-08-27 11:58:08',4,4,'NON'),(25,'Jn Rene','Wilky','Masculin','steevenelson@yahoo.fr','+50936640716','Professeur','2019-08-27 12:09:38',4,4,'NON'),(32,'Louis Jean','Zacharie','Masculin','zachlouisjean@gmail.com','+50947566146','Informaticien','2019-08-29 10:54:05',4,4,'NON'),(33,'St-cyr','Stanley','Masculin','stanleystcyr16@gmail.com','+50938889156','Etudiant','2019-08-29 10:55:44',4,4,'NON'),(34,'Paul','jonatan','Masculin','','+50949125490','','2019-08-29 10:56:52',4,4,'NON'),(35,'Glaizil','Doodlyne','Feminin','','+50938467645','','2019-08-29 10:58:55',4,4,'NON'),(36,'lusien','Farley','Feminin','','+50931367633','','2019-08-29 10:58:56',4,4,'NON'),(37,'Fleuri','Carenne','Feminin','','+50948852103','','2019-08-29 10:59:39',4,4,'NON'),(38,'Molot','Erica','Feminin','','+50933785243','','2019-08-29 10:59:50',4,4,'NON'),(40,'Alcide','Widiline','Feminin','','+50940046390','','2019-08-29 11:00:15',4,4,'NON'),(41,'Virgil','Rolande','Feminin','','+50936039474','','2019-08-29 11:00:33',4,4,'NON'),(42,'Batalien','Taina','Feminin','','+50946531339','','2019-08-29 11:00:50',4,4,'NON'),(43,'Chanson','Antonio','Masculin','antoniochanson822@gmail.com','+50932349254','Ing. Civil','2019-08-29 11:00:51',4,4,'NON'),(44,'Caire-feus','Louinise','Feminin','','+50948172457','','2019-08-29 11:01:26',4,4,'NON'),(45,'Napoleon','Roosevelt','Masculin','','+50948653487','','2019-08-29 11:01:30',4,4,'NON'),(46,'Wesley','Salomon','Masculin','salomonwesley1812@gmail.com','+50933974467','Administrateur','2019-08-29 11:01:46',4,4,'NON'),(47,'Bajon','Pierre Richard','Masculin','','+50931825522','','2019-08-29 11:02:32',4,4,'NON'),(48,'Auguste','Jose carle','Masculin','','+50944171316','','2019-08-29 11:02:46',4,4,'NON'),(49,'Sterlin','Emanuel','Masculin','sterlinemanuel27@gmail.com','+50934295349','Administrateur','2019-08-29 11:02:47',4,4,'NON'),(50,'Poteau','Wesler','Masculin','','+50931283011','','2019-08-29 11:03:13',4,4,'NON'),(51,'Mentor','Kendy','Masculin','kendy.mentor@gmail.com','+50931740918','Informaticien','2019-08-29 11:03:39',4,4,'NON'),(52,'Louis','Mackendy','Masculin','','+50947616474','','2019-08-29 11:03:45',4,4,'NON'),(53,'Jean','Michnaida','Feminin','','+50937338180','','2019-08-29 11:04:18',4,4,'NON'),(54,'Marcus','David','Masculin','','+50935055621','','2019-08-29 11:04:36',4,4,'NON'),(55,'Blanfort','Quilsait','Masculin','','+50934005474','','2019-08-29 11:04:58',4,4,'NON'),(56,'Pierre','Fayl Kerbieone','Feminin','','+50932038117','','2019-08-29 11:05:13',4,4,'NON'),(57,'Denis','Fransesca','Feminin','','+50942312259','','2019-08-29 11:05:29',4,4,'NON'),(58,'Francois','Vanessa','Feminin','','+50934679258','','2019-08-29 11:05:29',4,4,'NON'),(59,'Rho','Jonathan','Masculin','','+50944125201','','2019-08-29 11:05:59',4,4,'NON'),(60,'Lisme','Venel','Masculin','','+50944294622','','2019-08-29 11:06:05',4,4,'NON'),(61,'Francois','Junior','Masculin','','+50944591091','','2019-08-29 11:06:13',4,4,'NON'),(62,'Dominique','Stherline','Feminin','','+50936765808','','2019-08-29 11:06:34',4,4,'NON'),(63,'Alexis','Peterson','Masculin','','+50948237299','','2019-08-29 11:06:43',4,4,'NON'),(64,'Etienne','Afakcade','Masculin','','+50938437216','','2019-08-29 11:07:00',4,4,'NON'),(65,'Domond','Davidson','Masculin','','+50938039850','','2019-08-29 11:07:24',4,4,'NON'),(66,'Seranson','Cantave','Masculin','','+50948803754','','2019-08-29 11:07:25',4,4,'NON'),(67,'Baptelmi','Martine Darline','Feminin','','+50947157520','','2019-08-29 11:07:48',4,4,'NON'),(68,'Pierre','Vanessa','Feminin','','+50946954159','','2019-08-29 11:07:58',4,4,'NON'),(69,'Louis','Nael Richolson','Masculin','','+50946447663','','2019-08-29 11:08:32',4,4,'NON'),(70,'Exilas','Dieuner','Masculin','','+50944391359','','2019-08-29 11:08:33',4,4,'NON'),(71,'Zamor','David','Masculin','','+50947145332','','2019-08-29 11:08:41',4,4,'NON'),(72,'Pierre','Oliver','Masculin','','+50936156526','','2019-08-29 11:09:02',4,4,'NON'),(73,'Michel','Kettelene','Feminin','','+50942925848','','2019-08-29 11:09:35',4,4,'NON'),(74,'St- Eloit','Geto','Masculin','','+50931283264','','2019-08-29 11:09:40',4,4,'NON'),(75,'Cornely','Gaelle','Feminin','','+50934261568','','2019-08-29 11:09:47',4,4,'NON'),(76,'Destin','Phabrina','Feminin','','+50947312417','','2019-08-29 11:10:13',4,4,'NON'),(77,'Dorceus','Sedeline','Feminin','','+50944860798','','2019-08-29 11:10:25',4,4,'NON'),(78,'Caleb','Derice','Masculin','calebderice58@gmail.com','+50936342605','Scs informaticien','2019-08-29 11:10:45',4,4,'NON'),(79,'Francois','Cholet','Masculin','','+50944315968','','2019-08-29 11:10:45',4,4,'NON'),(80,'Pacombe','Christ-Ludenie','Feminin','','+50941774987','','2019-08-29 11:11:04',4,4,'NON'),(81,'Marseille','Marie Bertha','Feminin','','+50931812080','','2019-08-29 11:11:21',4,4,'NON'),(82,'Telisme','Jephte','Masculin','','+50938759028','','2019-08-29 11:11:22',4,4,'NON'),(83,'Durandis','Russell','Masculin','','+50948588117','','2019-08-29 11:11:54',4,4,'NON'),(84,'Dormeus','Micarlie','Feminin','','+50934039638','','2019-08-29 11:12:12',4,4,'NON'),(85,'Lapointe','Karine','Feminin','','+50946503093','','2019-08-29 11:12:14',4,4,'NON'),(86,'Jean','Christelline','Feminin','','+50947422836','','2019-08-29 11:12:34',4,4,'NON'),(87,'Lapointe','Joanne','Feminin','Joannadaphcar@yahoo.fr','+50939315488','Comptable','2019-08-29 11:12:35',4,4,'NON'),(88,'Augustin','Clifford','Masculin','','+50948260388','','2019-08-29 11:13:10',4,4,'NON'),(89,'Labastille','Rebecca','Feminin','','+50947989907','','2019-08-29 11:13:16',4,4,'NON'),(90,'Sylvain','Berline','Feminin','','+50949002305','','2019-08-29 11:13:27',4,4,'NON'),(91,'Paul','Shelton','Masculin','','+50936840074','','2019-08-29 11:14:05',4,4,'NON'),(92,'Saint-Louis','Patrice','Masculin','','+50944465146','','2019-08-29 11:14:22',4,4,'NON'),(93,'Lizimon','Wilgens','Masculin','','+50947762571','','2019-08-29 11:14:24',4,4,'NON'),(94,'Verne','Werline','Feminin','Werlineverne98@yahoo.fr','+50949221379','Scs Administrative','2019-08-29 11:14:27',4,4,'NON'),(95,'Tiejue','Solec','Masculin','','+50946575393','','2019-08-29 11:14:40',4,4,'NON'),(96,'Attila','Magalie','Feminin','','+50946161979','','2019-08-29 11:15:05',4,4,'NON'),(97,'Louis','Kerly','Masculin','','+50949431029','','2019-08-29 11:15:14',4,4,'NON'),(98,'Phenelus','Jean Richard','Masculin','','+50934055126','','2019-08-29 11:15:15',4,4,'NON'),(99,'Justin','Esther','Feminin','','+50936555081','','2019-08-29 11:15:39',4,4,'NON'),(100,'Jeune','Ronjuens','Masculin','','+50939479019','','2019-08-29 11:16:05',4,4,'NON'),(101,'George','Anita','Feminin','','+50931062539','','2019-08-29 11:16:09',4,4,'NON'),(102,'Francois','farah','Feminin','','+50946463468','','2019-08-29 11:16:27',4,4,'NON'),(103,'Rosier','Carlos','Masculin','','+50947763428','','2019-08-29 11:16:27',4,4,'NON'),(104,'Maturin','Geralda','Feminin','Geraldamaturin03@gmail.com','+50934935209','Comptabilite','2019-08-29 11:16:36',4,4,'NON'),(105,'Demosthene','Pierre Frantz','Masculin','','+50946836757','','2019-08-29 11:17:04',4,4,'NON'),(106,'Vernet','Dewi-edliy','Masculin','','+50938321157','','2019-08-29 11:17:11',4,4,'NON'),(107,'Cherizier','Kathia','Feminin','','+50931119521','','2019-08-29 11:17:17',4,4,'NON'),(108,'Valese','Johane','Feminin','johanevalese@yahoo.fr','+50936902086','Secretaire','2019-08-29 11:17:35',4,4,'NON'),(109,'Jean','Roselaine','Feminin','','+50937585237','','2019-08-29 11:17:40',4,4,'NON'),(110,'Jajoute','Sofia','Feminin','Jajoutesofia@yahoo.fr','+50949322860','','2019-08-29 11:17:55',4,4,'NON'),(111,'Jean','Raynold Junior','Masculin','','+50931838941','','2019-08-29 11:18:01',4,4,'NON'),(112,'Aceus','Vicnor','Masculin','','+50937468942','','2019-08-29 11:18:07',4,4,'NON'),(113,'Deshomme','Jean Donal','Masculin','','+50948369961','','2019-08-29 11:18:23',4,4,'NON'),(114,'Charles','Katiana L. B.','Feminin','','+50947372176','Secretaire','2019-08-29 11:18:30',4,4,'NON'),(116,'Jerome','Ketia','Feminin','','+50948244883','','2019-08-29 11:18:57',4,4,'NON'),(117,'Simeus','Rosebedielle','Feminin','','+50948534311','Hottelerie','2019-08-29 11:19:09',4,4,'NON'),(118,'Pierre','Ernsley','Masculin','','+50947562107','','2019-08-29 11:19:10',4,4,'NON'),(119,'Manasse','Vob','Masculin','manasevob49@gmail.com','+50949490601','Ing. Mecanique','2019-08-29 11:19:29',4,4,'NON'),(120,'Toussaint','Youmetha','Feminin','','+50944943517','','2019-08-29 11:19:35',4,4,'NON'),(121,'Joseph','Nicole','Feminin','','+50947679507','','2019-08-29 11:19:55',4,4,'NON'),(122,'Laguerre','Sherline','Feminin','','+50948378999','','2019-08-29 11:20:10',4,4,'NON'),(123,'Jupiter','Jefferson Raymond','Masculin','','+50944773030','','2019-08-29 11:20:15',4,4,'NON'),(124,'Decimus','Jesula','Feminin','','+50932441350','Infimieres','2019-08-29 11:20:30',4,4,'NON'),(125,'Antoine','Milourde','Feminin','','+50942085181','','2019-08-29 11:21:01',4,4,'NON'),(126,'Cimeus','Youselyne','Feminin','','+50937170339','','2019-08-29 11:21:13',4,4,'NON'),(127,'Antoine','Marie','Feminin','','+50938746502','','2019-08-29 11:21:32',4,4,'NON'),(128,'Charles','Antoinise','Feminin','','+50932535169','Infimieres','2019-08-29 11:21:33',4,4,'NON'),(129,'Amicy','Fesner','Masculin','','+50933521236','','2019-08-29 11:21:35',4,4,'NON'),(130,'Oscia','Betrina','Feminin','','+50942717787','','2019-08-29 11:22:13',4,4,'NON'),(131,'Monumard','Stevenson','Masculin','','+50948865371','','2019-08-29 11:22:31',4,4,'NON'),(132,'Cesar','Poupette','Feminin','cesarpoupette@yahoo.fr','+50948431252','Infimieres','2019-08-29 11:23:10',4,4,'NON'),(133,'Fortine','Cheruben','Masculin','','+50931078027','Professeur','2019-08-29 11:23:13',4,4,'NON'),(134,'Henry','Stephanie','Feminin','','+50931911946','','2019-08-29 11:23:23',4,4,'NON'),(135,'Boncoeur','Medjina','Feminin','','+50937670884','Sciences Administratives','2019-08-29 11:24:30',4,4,'NON'),(136,'Bastien','Jessica','Feminin','','+50936294871','','2019-08-29 11:24:32',4,4,'NON'),(137,'JeanLouis','Fabiola','Feminin','jeanlouisfabiola662@gmail.com','+50947432058','Infimieres','2019-08-29 11:24:50',4,4,'NON'),(138,'Stiven','Christelle Marie Francoise','Feminin','chrstellestiven@gmail.com','+50931365583','Sciences adminitratives','2019-08-29 11:26:33',4,4,'NON'),(139,'Bastien','LoudwineKeicha','Feminin','bastien644@gmail.com','+50931318129','Ecoliere','2019-08-29 11:26:55',4,4,'NON'),(140,'Louidor','Evens','Masculin','louidorevens@gmail.com','+50944708428','Genie Civil','2019-08-29 11:27:59',4,4,'NON'),(141,'Jean','Jameson','Masculin','','+50944649400','','2019-08-29 11:28:16',4,4,'NON'),(142,'Louis','Jeanine','Feminin','louisjeanine92@gmail.com','+50947868341','Comptable','2019-08-29 11:28:21',4,4,'NON'),(143,'Appolon','Leon','Masculin','','+50948244095','','2019-08-29 11:29:06',4,4,'NON'),(144,'Aurelus','Jeanty','Masculin','jeantiaurelus79@gmail.com','+50946309127','Genie Civil','2019-08-29 11:29:26',4,4,'NON'),(145,'Germain','Elodie','Feminin','','+50941859264','','2019-08-29 11:29:58',4,4,'NON'),(146,'Millien','Kervenson','Masculin','Kervensonmillien38@gmail.com','+50948329502','Comptable','2019-08-29 11:29:59',4,4,'NON'),(147,'Joseph','Sophia','Feminin','sophiejoseph141@gmail.com','+50947088057','Secretariat','2019-08-29 11:30:45',4,4,'NON'),(148,'Elson','Cadet','Masculin','','+50931714068','Scs DE Leducation','2019-08-29 11:31:03',4,4,'NON'),(149,'Fortunat','Patrick','Masculin','fortunat1235@gmail.com','+50938207011','Informaticien','2019-08-29 11:31:58',4,4,'NON'),(150,'Florestal','Sendjee','Feminin','','+50934311917','Sciences Adminitratives','2019-08-29 11:32:09',4,4,'NON'),(151,'Estimable','Elise','Masculin','','+50932892230','Informaticien','2019-08-29 11:32:13',4,4,'NON'),(152,'Toussaint','Olton','Masculin','','+50946192515','Science de l\\\'education','2019-08-29 11:33:40',4,4,'NON'),(153,'Fevilien','Jeffson Michael N','Masculin','jeffersonfevilien@gmail.com','+50944156364','Informticien','2019-08-29 11:33:41',4,4,'NON'),(154,'Denizard','Bitho','Masculin','J.sedate4life14@gmail.com','+50931179304','Comptable','2019-08-29 11:33:55',4,4,'NON'),(155,'Brunache','Myrtiam','Feminin','','+50939928159','Agronomme','2019-08-29 11:34:35',4,4,'NON'),(156,'Jean','Mikenflor','Feminin','','+50940131823','Science Informatique','2019-08-29 11:35:02',4,4,'NON'),(157,'Oracieus','Cassandra','Feminin','','+50944658731','Agronomme','2019-08-29 11:35:12',4,4,'NON'),(158,'Milord','Vanessa','Feminin','','+50944147109','Sciences administratives','2019-08-29 11:36:09',4,4,'NON'),(159,'Cadeau','Jean-Bertrand','Masculin','','+50948801802','Biologie Medical','2019-08-29 11:36:44',4,4,'NON'),(160,'Augustin','Dieuly','Masculin','','+50946530825','Genie civil','2019-08-29 11:37:34',4,4,'NON'),(161,'Benoit','Thomy','Masculin','','+50944910155','','2019-08-29 11:38:15',4,4,'NON'),(162,'Preval','Woodna','Feminin','','+50946852908','Jardiniere d\\\'Enfant','2019-08-29 11:38:26',4,4,'NON'),(163,'Richard','Sheldine','Feminin','','+50944525917','','2019-08-29 11:38:53',4,4,'NON'),(164,'Altime','Bertrand','Masculin','','+50938271801','Science de l\\\'educatiopn','2019-08-29 11:39:18',4,4,'NON'),(165,'Decamp','Osly','Masculin','','+50931500287','Genie Electromeca','2019-08-29 11:39:43',4,4,'NON'),(166,'Joseph','Vladimyr','Masculin','','+50931910475','Sciences de l\\\'education','2019-08-29 11:40:42',4,4,'NON'),(167,'Alexandre','Marie-Myrline','Feminin','','+50933633911','Gestionaire','2019-08-29 11:41:01',4,4,'NON'),(168,'Masse','Denilson','Feminin','','+50947103901','ScsComptable','2019-08-29 11:41:06',4,4,'NON'),(169,'Alumme','Patrick','Masculin','','+50943775798','','2019-08-29 11:41:40',4,4,'NON'),(170,'Jeudy','Garryson','Masculin','','+50947127394','Admistrateur','2019-08-29 11:41:49',4,4,'NON'),(171,'Filogene','Heroldine','Feminin','','+50939293455','','2019-08-29 11:42:15',4,4,'NON'),(172,'Saint Germain','Genise','Feminin','','+50948777794','','2019-08-29 11:42:21',4,4,'NON'),(173,'Merius','Abelta','Feminin','','+50937590702','','2019-08-29 11:42:48',4,4,'NON'),(174,'alexis','Lory Werdeigh','Masculin','','+50948894855','Comptable','2019-08-29 11:42:49',4,4,'NON'),(175,'SaintVile','Keman','Masculin','','+50947120913','Scs Education','2019-08-29 11:42:49',4,4,'NON'),(176,'Vilnard','Jean Yanis','Masculin','','+50937465226','','2019-08-29 11:43:05',4,4,'NON'),(177,'Desorme','Tania','Feminin','','+50948043105','','2019-08-29 11:43:23',4,4,'NON'),(178,'Honorin','Ashley','Masculin','','+50938623721','Comptable','2019-08-29 11:43:39',4,4,'NON'),(179,'Toussaint','Medjine','Feminin','','+50931298012','','2019-08-29 11:43:52',4,4,'NON'),(180,'Desire','Alexandra','Feminin','','+50931947786','','2019-08-29 11:43:54',4,4,'NON'),(181,'Belony','lexnie','Feminin','','+50946232762','Auxiliare','2019-08-29 11:44:18',4,4,'NON'),(182,'Sanithe','Auchime','Feminin','','+50944332316','','2019-08-29 11:44:26',4,4,'NON'),(183,'David','Rood','Masculin','','+50938511443','','2019-08-29 11:44:32',4,4,'NON'),(184,'Cadeau','Meetchino','Masculin','','+50938286597','Genie','2019-08-29 11:44:39',4,4,'NON'),(185,'Louis','Rose Daphnay Jully','Feminin','','+50938315300','Auxilliaire infirmiere','2019-08-29 11:44:52',4,4,'NON'),(186,'Naceline','Thania','Feminin','','+50933972851','','2019-08-29 11:45:04',4,4,'NON'),(187,'Simeon','Wadson','Masculin','','+50947221998','','2019-08-29 11:45:10',4,4,'NON'),(188,'monarse','Esdraline','Feminin','monarseesdraline@yahoo.fr','+50944017411','Administration','2019-08-29 11:45:17',4,4,'NON'),(189,'Barthelmy','Gladimir','Masculin','','+50946917790','Sces Education','2019-08-29 11:45:30',4,4,'NON'),(190,'Baselaire','Sabatine','Feminin','','+50947501075','','2019-08-29 11:45:47',4,4,'NON'),(191,'Jacques','Fidelene','Feminin','','+50944750548','','2019-08-29 11:46:22',4,4,'NON'),(192,'Lundi','Elundie','Feminin','','+50934378060','','2019-08-29 11:46:29',4,4,'NON'),(193,'Alexis','Michene','Feminin','','+50932716409','','2019-08-29 11:46:38',4,4,'NON'),(194,'Augustin','Genson','Masculin','','+50938760828','Administrateur','2019-08-29 11:46:49',4,4,'NON'),(195,'Syllabe','Gawoustro','Masculin','','+50944371584','Agronomie','2019-08-29 11:47:03',4,4,'NON'),(196,'Joseph','Kerline','Feminin','','+50936591239','','2019-08-29 11:47:06',4,4,'NON'),(197,'Celange','Bernard','Masculin','','+50943903326','','2019-08-29 11:47:12',4,4,'NON'),(198,'Pierre louis','Marc-lineba','Feminin','','+50946856177','Hoteliere et Tourisse','2019-08-29 11:47:23',4,4,'NON'),(199,'Aimé','Anso','Masculin','','+50948142811','Agronomie','2019-08-29 11:47:35',4,4,'NON'),(200,'Jean Louis','Redjy','Masculin','','+50938370698','','2019-08-29 11:47:37',4,4,'NON'),(201,'Jean Pierre','Nadine','Feminin','','+50933835959','Sciences Administratives','2019-08-29 11:48:04',4,4,'NON'),(202,'June','Kerwil','Masculin','','+50934687013','','2019-08-29 11:48:04',4,4,'NON'),(203,'Mondestin','Angelo','Masculin','','+50947340935','','2019-08-29 11:48:08',4,4,'NON'),(204,'Gotrace','Claude','Masculin','','+50948827146','Agronomie','2019-08-29 11:48:13',4,4,'NON'),(205,'saintil','Merry','Feminin','merrysnigtherssaintil@yahoo.com','+50949232343','Hottelerie','2019-08-29 11:48:15',4,4,'NON'),(206,'Rene','Clevens','Masculin','','+50946543019','','2019-08-29 11:48:38',4,4,'NON'),(207,'Bazile','Nickel','Masculin','','+50949288251','','2019-08-29 11:48:42',4,4,'NON'),(208,'Pierre','Deicia','Feminin','','+50948350647','Genie Civil','2019-08-29 11:48:54',4,4,'NON'),(209,'Domond','Ruth','Feminin','','+50948476806','','2019-08-29 11:49:05',4,4,'NON'),(210,'Saint Louis','Joseph','Masculin','saintlouisjoseph5@gmail.com','+50944115321','Informaticien','2019-08-29 11:49:05',4,4,'NON'),(211,'Jacques','Esaie','Masculin','','+50946031748','','2019-08-29 11:49:23',4,4,'NON'),(212,'Moliere','Walkith Tana','Feminin','','+50942459565','','2019-08-29 11:49:41',4,4,'NON'),(213,'Mery','Mirianda','Feminin','','+50948808938','','2019-08-29 11:49:47',4,4,'NON'),(214,'Cineus','Esther','Feminin','','+50934525886','Sciences administratives','2019-08-29 11:49:50',4,4,'NON'),(215,'Denize','Puterson','Masculin','','+50937822389','','2019-08-29 11:50:02',4,4,'NON'),(216,'Noncent','Ovenson','Masculin','noncentovy682@gmail.com','+50938709042','Administration','2019-08-29 11:50:10',4,4,'NON'),(217,'Innocent','Renaud','Masculin','','+50944022149','Genie','2019-08-29 11:50:16',4,4,'NON'),(218,'Sigueney','Junior','Masculin','','+50949022547','Genie','2019-08-29 11:50:36',4,4,'NON'),(219,'Paul','Sendy','Feminin','','+50947725312','Sces Administratives','2019-08-29 11:50:45',4,4,'NON'),(220,'Evens','Ocenio','Masculin','','+50938838614','','2019-08-29 11:50:55',4,4,'NON'),(221,'Charles','Melissa','Feminin','','+50946929680','','2019-08-29 11:51:00',4,4,'NON'),(222,'Innocent','Lovelie','Feminin','','+50946539235','invite','2019-08-29 11:51:16',4,4,'NON'),(223,'Moise','Jeff','Masculin','','+50938638980','','2019-08-29 11:51:27',4,4,'NON'),(224,'Paul','Vanessa','Feminin','','+50946446164','Asistances Administratives','2019-08-29 11:51:46',4,4,'NON'),(225,'Dumbard','Mari-Freudel August','Masculin','','+50944405915','Genie','2019-08-29 11:51:56',4,4,'NON'),(226,'Lacroix','Sarah','Feminin','lacroixsarah510@gmail.com','+50939343401','Administration','2019-08-29 11:52:14',4,4,'NON'),(227,'Saint Vertus','Dieufait','Masculin','','+50949241612','Administrateur','2019-08-29 11:52:55',4,4,'NON'),(228,'Alvarez','Jephte','Masculin','','+50947593566','','2019-08-29 11:53:04',4,4,'NON'),(229,'Narelus','SAfira','Feminin','','+50944787735','Administration','2019-08-29 11:53:30',4,4,'NON'),(230,'David','Armand','Masculin','','+50932344943','','2019-08-29 11:53:39',4,4,'NON'),(231,'Turenne','Jessica','Feminin','','+50938448351','Administrateur','2019-08-29 11:53:46',4,4,'NON'),(232,'Derolus','Sanderson','Masculin','','+50944612651','','2019-08-29 11:54:08',4,4,'NON'),(233,'Augustre','Junior','Masculin','','+50949155427','Sciences Administratives','2019-08-29 11:54:09',4,4,'NON'),(234,'Rossignol','Eslide','Feminin','','+50938325164','Comptable','2019-08-29 11:54:29',4,4,'NON'),(235,'Lauture','Dieula','Feminin','','+50949440681','Administration','2019-08-29 11:54:45',4,4,'NON'),(236,'Aladin','Sarai','Feminin','','+50934696647','','2019-08-29 11:55:08',4,4,'NON'),(237,'Mesca','Roudy','Masculin','','+50948865946','Informaticien','2019-08-29 11:55:20',4,4,'NON'),(238,'Vilpique','Islande','Feminin','','+50941903428','Sciences Adminitratives','2019-08-29 11:55:20',4,4,'NON'),(239,'Jean-Charles','Jorald','Masculin','joraldjeancharles@gmail.com','+50944582994','Etudiant science de l\\\'edu','2019-08-29 11:55:30',4,4,'NON'),(240,'Desmorne','Nephtalie','Feminin','','+50947236739','','2019-08-29 11:55:47',4,4,'NON'),(241,'Gasparr','Duckens','Masculin','','+50931993112','Comptable','2019-08-29 11:56:22',4,4,'NON'),(242,'Jacilien','Lazama','Masculin','','+50944734337','Administration','2019-08-29 11:56:27',4,4,'NON'),(243,'Pierre','Saint Yvet','Masculin','','+50934582626','','2019-08-29 11:56:31',4,4,'NON'),(244,'Pierre','Elnise','Feminin','','+50931635911','Laboratoire Medical','2019-08-29 11:57:44',4,4,'NON'),(245,'Jean louis','Marie Beka','Feminin','','+50938492074','Agent de Sante','2019-08-29 11:58:50',4,4,'NON'),(246,'pierre','Marc-Dawens','Masculin','','+50934017233','Ing. Civil','2019-08-29 11:59:00',4,4,'NON'),(247,'Filantus','John Woodner','Masculin','','+50929101380','Gestion','2019-08-29 11:59:02',4,4,'NON'),(248,'Bonhomme','Authon','Masculin','','+50934431819','Professeur','2019-08-29 11:59:45',4,4,'NON'),(249,'Philippe','Marly Dieunica','Feminin','','+50933792736','Administration','2019-08-29 11:59:55',4,4,'NON'),(250,'Nestor','Alta-Begenty','Feminin','','+50947012039','','2019-08-29 12:00:23',4,4,'NON'),(251,'Riviere','Winy','Feminin','Lesleynice54@gmail.com','+50949040156','Administration','2019-08-29 12:00:34',4,4,'NON'),(252,'Maxine','Geralda','Feminin','','+50941612781','','2019-08-29 12:01:13',4,4,'NON'),(253,'Turin','Wideline','Feminin','widelineturin98@gmail.com','+50947881513','Sciences Comptables','2019-08-29 12:01:35',4,4,'NON'),(254,'La Fleur','Chrislor','Masculin','','+50949416127','','2019-08-29 12:02:36',4,4,'NON'),(255,'Derice','Ydsson','Masculin','','+50944960035','','2019-08-29 12:03:05',4,4,'NON'),(256,'Elissaint','Filton','Masculin','','+50944347355','','2019-08-29 12:03:29',4,4,'NON'),(257,'Rousseau','Ivenel','Masculin','','+50936327028','','2019-08-29 12:03:37',4,4,'NON'),(258,'Elie','Vladimir','Masculin','','+50948117448','','2019-08-29 12:04:07',4,4,'NON'),(259,'Joseph','Iphania','Feminin','','+50931584249','','2019-08-29 12:04:38',4,4,'NON'),(260,'Dolcinor','Rodney','Masculin','','+50936341519','','2019-08-29 12:04:52',4,4,'NON'),(261,'Louis','Clifort','Masculin','','+50938389398','Informaticien','2019-08-29 12:05:20',4,4,'NON'),(262,'Desir','Kimberley','Feminin','','+50948187391','','2019-08-29 12:05:30',4,4,'NON'),(263,'Jacques','Smith','Masculin','','+50946235898','','2019-08-29 12:06:05',4,4,'NON'),(264,'Louis','Sniydel','Masculin','','+50938953597','','2019-08-29 12:06:15',4,4,'NON'),(265,'Jean','Leubreton','Masculin','','+50934161522','','2019-08-29 12:06:34',4,4,'NON'),(266,'Isama','Carole','Feminin','','+50946909643','','2019-08-29 12:06:51',4,4,'NON'),(267,'Kouloutte','Richelande','Feminin','','+50938819595','','2019-08-29 12:07:37',4,4,'NON'),(268,'Aubourg','Jeanne Marise','Feminin','','+50949032787','Scs Comptable','2019-08-29 12:07:52',4,4,'NON'),(269,'Lacombe','Magdane','Feminin','','+50948291293','','2019-08-29 12:08:04',4,4,'NON'),(270,'Alexis','Roodjina','Feminin','','+50943224270','','2019-08-29 12:08:13',4,4,'NON'),(271,'Reserme','Lazarre','Masculin','','+50949059337','','2019-08-29 12:08:38',4,4,'NON'),(272,'Joseph','Marlene','Feminin','','+50934393634','Scs Comptable','2019-08-29 12:08:48',4,4,'NON'),(273,'Aime','Sonlove','Masculin','','+50931862157','','2019-08-29 12:08:53',4,4,'NON'),(274,'Dorottie','Dorcin','Feminin','','+50944250310','','2019-08-29 12:09:20',4,4,'NON'),(275,'Charlitte','Esdras','Masculin','','+50931852492','','2019-08-29 12:09:27',4,4,'NON'),(276,'Saint syr','Edeline','Feminin','','+50947513626','','2019-08-29 12:09:55',4,4,'NON'),(277,'Altema','Nata','Feminin','','+50937627764','','2019-08-29 12:10:02',4,4,'NON'),(278,'Charles','Fabienne','Feminin','fabiennecharles18@gmail.com','+50948145859','Administration','2019-08-29 12:10:05',4,4,'NON'),(279,'Altidor','Pierre Louis','Feminin','','+50931941196','','2019-08-29 12:10:51',4,4,'NON'),(280,'Blaise','Ketia','Feminin','','+50937323610','Administration','2019-08-29 12:10:54',4,4,'NON'),(281,'Jean louis','Nedlie','Feminin','','+50947658693','','2019-08-29 12:10:55',4,4,'NON'),(282,'Vilsaint','Jefftalie','Feminin','','+50946599726','','2019-08-29 12:11:27',4,4,'NON'),(283,'Avril','Sterlinne','Feminin','','+50938264467','','2019-08-29 12:11:28',4,4,'NON'),(284,'Auguste','Junia','Feminin','','+50948627695','Gestion','2019-08-29 12:11:39',4,4,'NON'),(285,'Antoine','Denice','Masculin','','+50949429779','','2019-08-29 12:12:08',4,4,'NON'),(286,'Symbert','Myrna','Feminin','','+50946548828','','2019-08-29 12:12:12',4,4,'NON'),(287,'Symbert','Djina','Feminin','','+50941607461','','2019-08-29 12:13:01',4,4,'NON'),(288,'Francois','Hoderson','Masculin','','+50947566713','','2019-08-29 12:14:02',4,4,'NON'),(289,'Eugene','Marie-Lucie','Feminin','','+50936705847','','2019-08-29 12:14:27',4,4,'NON'),(290,'Alexis','Leger','Masculin','','+50931583752','Administration','2019-08-29 12:14:34',4,4,'NON'),(291,'Docteur','Darline','Feminin','','+50948086546','','2019-08-29 12:14:51',4,4,'NON'),(292,'Jean Gilles','Peterson','Masculin','','+50936981199','','2019-08-29 12:15:17',4,4,'NON'),(293,'Yema','Sebastien','Masculin','','+50948178661','','2019-08-29 12:16:00',4,4,'NON'),(294,'Fleurant','Sandy','Feminin','','+50938713860','','2019-08-29 12:16:43',4,4,'NON'),(295,'Belony','Vanessa','Feminin','','+50942746290','invite','2019-08-29 12:17:10',4,4,'NON'),(296,'Leonard','Fertarie Bernada','Feminin','','+50934576633','','2019-08-29 12:17:34',4,4,'NON'),(297,'Fleurimond','Michelet','Masculin','','+50936002686','','2019-08-29 12:18:00',4,4,'NON'),(298,'Andred','Antoine','Feminin','','+50944270275','','2019-08-29 12:18:20',4,4,'NON'),(299,'Timothe','Johanne','Feminin','','+50946041915','','2019-08-29 12:18:43',4,4,'NON'),(300,'Colard','Chiderline','Feminin','','+50939945021','','2019-08-29 12:18:57',4,4,'NON'),(301,'DElva','beatrice','Feminin','','+50947734334','','2019-08-29 12:19:12',4,4,'NON'),(302,'Saint Fleur','Lensky','Masculin','','+50936009261','','2019-08-29 12:19:20',4,4,'NON'),(303,'Desrouisseaux','Rachelle','Feminin','','+50948202643','Secretaire','2019-08-29 12:19:35',4,4,'NON'),(304,'Florvil','Smikerlin','Masculin','','+50938785169','agronomie','2019-08-29 12:19:40',4,4,'NON'),(305,'Edmond','Kesline','Feminin','','+50946219358','Secretariat','2019-08-29 12:19:43',4,4,'NON'),(306,'Fortune','Luxon','Masculin','','+50931010216','','2019-08-29 12:19:49',4,4,'NON'),(307,'Pagoote','Darline','Feminin','','+50947963498','','2019-08-29 12:20:12',4,4,'NON'),(308,'Herard','beaterice','Feminin','','+50944617178','','2019-08-29 12:20:20',4,4,'NON'),(309,'Joseph','Lovena','Feminin','','+50948424329','Scs Comptable','2019-08-29 12:20:44',4,4,'NON'),(310,'Paul','Eddy Wisben','Masculin','','+50938562835','Sces Comptable','2019-08-29 12:20:59',4,4,'NON'),(311,'Medard','Lenda','Feminin','','+50936158327','','2019-08-29 12:21:00',4,4,'NON'),(312,'Colas','Ghali Ovens','Masculin','colasghaliovens@gmail.com','+50949146896','Informaticien','2019-08-29 12:21:21',4,4,'NON'),(313,'Siverain','Velicia','Feminin','','+50948822643','','2019-08-29 12:21:30',4,4,'NON'),(314,'Joseph','finky','Masculin','','+50948349310','','2019-08-29 12:21:59',4,4,'NON'),(315,'Charles','Kethia','Feminin','','+50940489753','Scs Comptable','2019-08-29 12:22:09',4,4,'NON'),(316,'Charles','Nahomie','Feminin','','+50949405752','Sces Administrative','2019-08-29 12:22:25',4,4,'NON'),(317,'Beliard','Emmanuela','Feminin','','+50937857735','','2019-08-29 12:22:44',4,4,'NON'),(318,'TiGE','Stevenson','Masculin','','+50933912481','','2019-08-29 12:23:28',4,4,'NON'),(319,'cereme','Natalie','Feminin','','+50939350494','','2019-08-29 12:23:31',4,4,'NON'),(320,'Josaphay','Sandia','Feminin','','+50946526481','','2019-08-29 12:23:39',4,4,'NON'),(321,'Gardy','Belance','Masculin','','+50934836286','','2019-08-29 12:23:48',4,4,'NON'),(322,'Odice','Christelle','Feminin','','+50931275767','Laboratoire Medical','2019-08-29 12:23:49',4,4,'NON'),(323,'Philipe','Ralf Kendy','Masculin','philiperalfkendy@gmail.com','+50944252986','Informaticien','2019-08-29 12:24:00',4,4,'NON'),(324,'JEROME','Gernide','Feminin','','+50938811801','','2019-08-29 12:24:05',4,4,'NON'),(325,'Daniel','Christabelle','Feminin','','+50938306911','Visiteur','2019-08-29 12:24:43',4,4,'NON'),(326,'coachy','Malize','Feminin','','+50942552476','','2019-08-29 12:24:50',4,4,'NON'),(327,'Jean','Djeny','Feminin','','+50931659631','invite','2019-08-29 12:24:55',4,4,'NON'),(328,'GAUTHIER','Loveson','Masculin','','+50946424242','','2019-08-29 12:24:56',4,4,'NON'),(329,'Auguste','Nasmy','Masculin','','+50931836814','Electricen','2019-08-29 12:25:01',4,4,'NON'),(330,'Auguste','James','Masculin','','+50936251750','','2019-08-29 12:25:24',4,4,'NON'),(331,'jean','yanick','Feminin','','+50931016899','','2019-08-29 12:25:26',4,4,'NON'),(332,'Josué','Fleuriama','Feminin','','+50949496211','','2019-08-29 12:25:41',4,4,'NON'),(333,'VERSAILLES','Loutchna','Feminin','','+50948409099','','2019-08-29 12:25:48',4,4,'NON'),(334,'vertil','fenide','Feminin','','+50937587176','','2019-08-29 12:25:59',4,4,'NON'),(335,'Guilloux','SAndia','Feminin','','+50948430418','Administration','2019-08-29 12:26:04',4,4,'NON'),(336,'Raphael','Mike Robenly W','Masculin','','+50944865664','','2019-08-29 12:26:17',4,4,'NON'),(337,'Celestin','Younnka Daniella','Feminin','daniellacelestin19@gmail.com','+50944036399','Genie civil','2019-08-29 12:26:24',4,4,'NON'),(338,'Pierre','Emmanuel','Masculin','','+50947307302','','2019-08-29 12:26:31',4,4,'NON'),(339,'BONANGE','Jean Guerdy','Masculin','','+50948239477','','2019-08-29 12:26:36',4,4,'NON'),(340,'saint louis','anderson','Masculin','','+50931760357','','2019-08-29 12:26:42',4,4,'NON'),(341,'Abraham','Magdala','Feminin','','+50933741855','Scs Infirmieres','2019-08-29 12:27:06',4,4,'NON'),(342,'Meus','Manitha','Feminin','','+50937116881','Auxilliaire infirmiere','2019-08-29 12:27:13',4,4,'NON'),(343,'boudeau','Winie L.','Feminin','','+50931332822','Comptable','2019-08-29 12:27:15',4,4,'NON'),(344,'Seant','Sam\\\'s','Masculin','','+50936639141','','2019-08-29 12:27:16',4,4,'NON'),(345,'Malary','Berta','Feminin','','+50938748304','','2019-08-29 12:27:20',4,4,'NON'),(346,'Florian','Jean Mary','Masculin','','+50946408308','','2019-08-29 12:27:22',4,4,'NON'),(347,'Sala','Daniella','Feminin','','+50939031541','','2019-08-29 12:27:54',4,4,'NON'),(348,'Rival','Djason','Masculin','','+50944536481','bioliste','2019-08-29 12:28:11',4,4,'NON'),(349,'EUGENE','Wesken','Masculin','','+50946090748','','2019-08-29 12:28:17',4,4,'NON'),(350,'Mozeau','Michelanda','Feminin','','+50947479954','Medical','2019-08-29 12:28:19',4,4,'NON'),(351,'Louis','Guyd\\\'love','Feminin','','+50931866703','Gestion','2019-08-29 12:28:24',4,4,'NON'),(352,'Thelusma','Mikado','Masculin','','+50937783739','','2019-08-29 12:28:42',4,4,'NON'),(353,'Eloi','Junise Euclide','Feminin','','+50946383187','','2019-08-29 12:28:42',4,4,'NON'),(354,'NOELLE','Dieuland','Masculin','','+50949354482','','2019-08-29 12:28:57',4,4,'NON'),(355,'Darant','HErdy','Masculin','','+50947889347','Reaeau','2019-08-29 12:28:58',4,4,'NON'),(356,'Decopin','Ketline','Feminin','','+50948503726','Gestion','2019-08-29 12:29:11',4,4,'NON'),(357,'Luc','Tony','Masculin','','+50937422185','','2019-08-29 12:29:12',4,4,'NON'),(358,'YLISSE','Guivenson','Masculin','','+50931860713','','2019-08-29 12:29:48',4,4,'NON'),(359,'augustave','Manoucheka','Feminin','','+50948259325','','2019-08-29 12:29:53',4,4,'NON'),(360,'Felix','Maylenie','Feminin','mynfe098@gmail.com','+50932476061','Comptable','2019-08-29 12:30:09',4,4,'NON'),(361,'Sineus','Lovely','Feminin','','+50931850878','','2019-08-29 12:30:22',4,4,'NON'),(362,'LOUISAINT','Ketteline','Feminin','','+50932365253','','2019-08-29 12:30:31',4,4,'NON'),(363,'Joseph','Nahomie','Feminin','','+50947579743','','2019-08-29 12:30:51',4,4,'NON'),(364,'Charles','Cherline','Feminin','','+50933599344','','2019-08-29 12:31:02',4,4,'NON'),(365,'St Jeanne','Anick','Feminin','','+50932840987','Scs Comptable','2019-08-29 12:31:18',4,4,'NON'),(366,'JOLICOUER','Macdalina','Feminin','','+50941955382','','2019-08-29 12:31:28',4,4,'NON'),(367,'PIERRE','Widpha','Masculin','','+50937955776','','2019-08-29 12:32:23',4,4,'NON'),(368,'Jean Baptiste','Occilien','Masculin','','+50947946902','','2019-08-29 12:32:34',4,4,'NON'),(369,'Bazile','Cynthia','Feminin','','+50941070926','','2019-08-29 12:32:51',4,4,'NON'),(370,'LOUISIAS','Diego','Masculin','','+50934138896','','2019-08-29 12:33:00',4,4,'NON'),(371,'Celissaint','Loudindia','Feminin','','+50931997497','agronomie','2019-08-29 12:33:36',4,4,'NON'),(372,'JEAN','Mirlis','Masculin','','+50931813554','','2019-08-29 12:33:39',4,4,'NON'),(373,'Cetoute','Peterson','Masculin','','+50939442469','invite','2019-08-29 12:34:43',4,4,'NON'),(374,'Victor','Claudina','Feminin','','+50947189685','','2019-08-29 12:34:47',4,4,'NON'),(375,'Denis','Naphcar Sterline','Feminin','','+50947350402','','2019-08-29 12:34:53',4,4,'NON'),(376,'Louis','Bensitha','Feminin','','+50946088779','Biologie','2019-08-29 12:35:11',4,4,'NON'),(377,'Jean Francois','Ilder','Masculin','','+50948899552','','2019-08-29 12:35:31',4,4,'NON'),(378,'Lamarre','Hallen','Masculin','','+50936524226','','2019-08-29 12:35:34',4,4,'NON'),(379,'Saintus','Stephane','Masculin','','+50946849331','Comptable','2019-08-29 12:36:05',4,4,'NON'),(380,'Jerome','James Rubens','Masculin','','+50947806975','invite','2019-08-29 12:36:12',4,4,'NON'),(381,'Zephirin','Jameson','Masculin','','+50938706412','','2019-08-29 12:36:16',4,4,'NON'),(382,'Michael','Desborne','Masculin','','+50943078680','','2019-08-29 12:36:19',4,4,'NON'),(383,'Geffrard','Chandline','Feminin','','+50931290812','Infimiere','2019-08-29 12:36:51',4,4,'NON'),(384,'Couamin','edwine','Feminin','','+50947302262','','2019-08-29 12:37:08',4,4,'NON'),(385,'Laventure','Michel Steeve','Masculin','','+50949495336','','2019-08-29 12:37:08',4,4,'NON'),(386,'Jean','Fritz-Gerald','Masculin','','+50946889305','Genie Civil','2019-08-29 12:38:09',4,4,'NON'),(387,'Lamour','Thakaouchimo','Masculin','jamesLoovens70@gmail.com','+50946577466','etudiant Reseau','2019-08-29 12:38:22',4,4,'NON'),(388,'Charlotin','Lovely','Feminin','','+50934863482','','2019-08-29 12:39:32',4,4,'NON'),(389,'Jean Francois','Salomon','Masculin','','+50949322104','','2019-08-29 12:40:01',4,4,'NON'),(390,'Duperval','Mirladie','Feminin','','+50931214046','Infirmiere','2019-08-29 12:40:13',4,4,'NON'),(391,'Regis','Jennifer','Feminin','','+50944464492','invite','2019-08-29 12:41:25',4,4,'NON'),(392,'Rodney','Manoucheca','Feminin','','+50938697319','','2019-08-29 12:42:16',4,4,'NON'),(393,'Lebrun','Mardochee','Feminin','','+50939145388','Administration','2019-08-29 12:42:32',4,4,'NON'),(394,'Jean-Louis','Roodlene','Feminin','','+50940653554','Administration','2019-08-29 12:43:07',4,4,'NON'),(395,'Denis','Jean Gardy','Masculin','','+50948693334','','2019-08-29 12:43:15',4,4,'NON'),(396,'Jack','Kendy Mentor','Masculin','','+50949494209','Genie Civil','2019-08-29 12:43:20',4,4,'NON'),(397,'Hyppolite','Louise Love','Feminin','','+50939207104','','2019-08-29 12:43:42',4,4,'NON'),(398,'Francois','Fernandelle','Feminin','','+50946169597','Comptable','2019-08-29 12:43:52',4,4,'NON'),(399,'Clerin','John Yblondy','Masculin','','+50944626593','','2019-08-29 12:43:59',4,4,'NON'),(400,'Chery','Angeline','Feminin','','+50947076643','Sciences Administratives','2019-08-29 12:44:13',4,4,'NON'),(401,'Septimus','Johnric','Masculin','','+50947009244','','2019-08-29 12:44:16',4,4,'NON'),(402,'Leclaire','Liliane','Feminin','','+50934324951','','2019-08-29 12:44:16',4,4,'NON'),(403,'Francillon','Cindia','Feminin','','+50947210603','Administration','2019-08-29 12:44:36',4,4,'NON'),(404,'Louis','Faby','Feminin','','+50949372116','','2019-08-29 12:44:51',4,4,'NON'),(405,'Forizor','Marc-Ronias','Masculin','','+50931737823','','2019-08-29 12:45:00',4,4,'NON'),(406,'Edmon','Gregory','Masculin','','+50938898345','Gestion','2019-08-29 12:45:10',4,4,'NON'),(407,'Gilles','Diana alexandra','Feminin','','+50932358652','','2019-08-29 12:45:13',4,4,'NON'),(408,'Michel','Jacques Vladimir','Masculin','','+50946429703','','2019-08-29 12:45:35',4,4,'NON'),(409,'Jean Pierre','Johannie','Feminin','','+50943067728','','2019-08-29 12:45:43',4,4,'NON'),(410,'Yusse Montinat','Judeline','Feminin','','+50937612739','Sciences Comptabl;es','2019-08-29 12:45:52',4,4,'NON'),(411,'Justin','Frantzchesca','Feminin','','+50931887142','','2019-08-29 12:46:01',4,4,'NON'),(412,'Jeantihomme','Dahana Marie Lunie','Feminin','','+50938859567','Administration','2019-08-29 12:46:04',4,4,'NON'),(413,'Leon','Dayana','Feminin','','+50945656285','','2019-08-29 12:46:13',4,4,'NON'),(414,'Antoine','Marck Erlande','Feminin','','+50948151662','','2019-08-29 12:46:15',4,4,'NON'),(415,'Noel','Marie Martine','Feminin','','+50948430662','','2019-08-29 12:46:45',4,4,'NON'),(416,'Bruno','Venica','Feminin','','+50937293562','sciences Administrastives','2019-08-29 12:46:45',4,4,'NON'),(417,'Pierre','Shelda','Feminin','','+50936577509','','2019-08-29 12:46:53',4,4,'NON'),(418,'Djemima','Dupuy','Feminin','','+50934986154','Economie','2019-08-29 12:46:54',4,4,'NON'),(419,'Ulisse','marie Elmitha','Feminin','','+50933141096','','2019-08-29 12:47:06',4,4,'NON'),(420,'Servius','Hydalgo','Masculin','','+50946184769','','2019-08-29 12:47:24',4,4,'NON'),(421,'Derorvile','Medjina','Feminin','','+50944184153','','2019-08-29 12:47:34',4,4,'NON'),(422,'Angervil','Carlande','Feminin','','+50944521176','Sciences administratives','2019-08-29 12:47:41',4,4,'NON'),(423,'Tessa','Gerthie','Feminin','','+50938802366','Infimiere','2019-08-29 12:47:41',4,4,'NON'),(424,'Pierre','Jistherline','Feminin','','+50938413496','','2019-08-29 12:47:52',4,4,'NON'),(425,'Desriviere','Peterson','Masculin','','+50932498572','','2019-08-29 12:48:00',4,4,'NON'),(426,'Joseph','Ismael','Masculin','','+50949000559','Genie','2019-08-29 12:48:14',4,4,'NON'),(427,'Thelisma','Barbara Richie','Feminin','','+50943610744','','2019-08-29 12:48:22',4,4,'NON'),(428,'Delusma','Juline','Feminin','','+50941862369','Technicienne en Laboratoire','2019-08-29 12:48:54',4,4,'NON'),(429,'Delicieux','Alianise','Feminin','','+50936883938','','2019-08-29 12:49:01',4,4,'NON'),(430,'Sejour','Medleur','Masculin','','+50931532852','','2019-08-29 12:49:09',4,4,'NON'),(431,'Althema','Loubens','Masculin','','+50944299110','Reseaau Depannage','2019-08-29 12:49:16',4,4,'NON'),(432,'Beaubrum','Bony','Masculin','','+50944311806','','2019-08-29 12:49:41',4,4,'NON'),(433,'Edouard','Raymond','Masculin','','+50947764592','','2019-08-29 12:49:45',4,4,'NON'),(434,'Duplessy','Maykene','Masculin','','+50948255918','','2019-08-29 12:49:46',4,4,'NON'),(435,'Louis','Eve-Menson','Masculin','','+50936877261','Administration','2019-08-29 12:49:47',4,4,'NON'),(436,'Colas','Olivertiny','Masculin','','+50944849754','Sciences Administratives','2019-08-29 12:50:14',4,4,'NON'),(437,'Charles','Berthelot','Masculin','','+50944089561','','2019-08-29 12:50:18',4,4,'NON'),(438,'Alexis','Stanley','Masculin','','+50937269160','','2019-08-29 12:50:33',4,4,'NON'),(439,'St Marc','Jephte','Masculin','','+50948683106','','2019-08-29 12:50:42',4,4,'NON'),(440,'Telusme','Nelchiadaire','Feminin','','+50949383974','','2019-08-29 12:51:20',4,4,'NON'),(441,'Blaise','Valencia','Feminin','','+50938750766','Informaticienne','2019-08-29 12:51:21',4,4,'NON'),(442,'St Pierre','Daphney','Feminin','','+50936592212','','2019-08-29 12:51:54',4,4,'NON'),(443,'Tunis','Sandra','Feminin','','+50939390664','','2019-08-29 12:51:54',4,4,'NON'),(444,'Jean Louis','Stephania','Feminin','','+50938917180','','2019-08-29 12:52:17',4,4,'NON'),(445,'Chafien','Wednard','Feminin','','+50931760125','Infimiere','2019-08-29 12:52:24',4,4,'NON'),(446,'Brezeault','Jhon Eddy Gregory','Masculin','','+50946191873','','2019-08-29 12:52:36',4,4,'NON'),(447,'Augustin','Lois','Masculin','','+50944051035','','2019-08-29 12:52:37',4,4,'NON'),(448,'Metellus','Derline','Feminin','','+50938895335','','2019-08-29 12:52:42',4,4,'NON'),(449,'Joseph','Pierre Antoine','Masculin','','+50934711408','','2019-08-29 12:52:45',4,4,'NON'),(450,'Blanc','Nelda','Feminin','','+50932663743','','2019-08-29 12:53:09',4,4,'NON'),(451,'Jean Claude','Bentz Wicheley','Masculin','','+50946338522','','2019-08-29 12:53:15',4,4,'NON'),(452,'Galety','Carschena','Feminin','','+50936181489','Gestion','2019-08-29 12:53:15',4,4,'NON'),(453,'Charlot','Judeline','Feminin','','+50931915820','','2019-08-29 12:53:30',4,4,'NON'),(454,'Toussaint','Chermitha','Feminin','','+50936607177','','2019-08-29 12:53:38',4,4,'NON'),(455,'Fortunat','Jesula','Feminin','','+50944142135','','2019-08-29 12:54:04',4,4,'NON'),(456,'Decilon','Geordany','Masculin','','+50946260611','','2019-08-29 12:54:06',4,4,'NON'),(457,'FREDERIQUE','Syndie','Feminin','','+50948695721','','2019-08-29 12:54:11',4,4,'NON'),(458,'St Louis','AnneSophie','Feminin','','+50948576860','Scs Comptable','2019-08-29 12:54:16',4,4,'NON'),(459,'Nelva','Maranatha','Feminin','','+50948575574','','2019-08-29 12:54:20',4,4,'NON'),(460,'Valmyr','India','Feminin','','+50947009488','','2019-08-29 12:54:47',4,4,'NON'),(461,'Joseph','Samuel','Masculin','','+50946300131','','2019-08-29 12:54:59',4,4,'NON'),(462,'Merine','Deborah','Feminin','','+50947439927','Scs Humaine','2019-08-29 12:55:28',4,4,'NON'),(463,'CHERESTAL','NAICA','Feminin','','+50948599704','','2019-08-29 12:55:36',4,4,'NON'),(464,'RoseMichelle','Hubert','Feminin','','+50936853134','','2019-08-29 12:56:03',4,4,'NON'),(465,'Pierre','Mithslaidile','Feminin','','+50944930783','','2019-08-29 12:56:03',4,4,'NON'),(466,'Etienne','Sendy Samie','Feminin','','+50934717519','Scs Infirmieres','2019-08-29 12:56:45',4,4,'NON'),(467,'ACADEAU','Jean Myrthon','Masculin','','+50936367939','','2019-08-29 12:56:57',4,4,'NON'),(468,'JOSEPH','Herlanda','Feminin','','+50938364058','','2019-08-29 12:57:05',4,4,'NON'),(469,'Noel','Darceska','Feminin','','+50934339930','Administration','2019-08-29 12:57:13',4,4,'NON'),(470,'Saint Laurant','Mikerlie','Feminin','','+50937627461','','2019-08-29 12:57:43',4,4,'NON'),(471,'Julice','Jimmy','Masculin','','+50948510707','Technicien Chimiste','2019-08-29 12:58:05',4,4,'NON'),(472,'Adam','Djumilca','Feminin','','+50948453773','Administration','2019-08-29 12:58:05',4,4,'NON'),(473,'Dezir','Sherlie','Feminin','','+50944901507','','2019-08-29 12:58:32',4,4,'NON'),(474,'GEDEUS','Colson Mario','Masculin','','+50948067753','','2019-08-29 12:58:46',4,4,'NON'),(475,'Fils','Ketsia','Feminin','','+50943094591','Comptable','2019-08-29 12:58:55',4,4,'NON'),(476,'Samedy','Jhon','Masculin','','+50931280638','','2019-08-29 12:59:04',4,4,'NON'),(477,'Fragelus','Fradeline','Feminin','','+50936994851','Scs Infirmieres','2019-08-29 12:59:12',4,4,'NON'),(478,'Dimanche','Jennissa','Feminin','','+50941633418','','2019-08-29 12:59:22',4,4,'NON'),(479,'Augustin','Alencia','Feminin','','+50938444796','','2019-08-29 12:59:34',4,4,'NON'),(480,'JEAN','Lovely','Feminin','','+50939066732','','2019-08-29 12:59:37',4,4,'NON'),(481,'Antoine','Caleb','Masculin','','+50946066967','Scs Comptable','2019-08-29 13:00:22',4,4,'NON'),(482,'Duverseau','Sabine','Feminin','','+50933808678','','2019-08-29 13:00:24',4,4,'NON'),(483,'Jean Pierre','Reggy Love','Feminin','','+50931282542','','2019-08-29 13:00:30',4,4,'NON'),(484,'Franchois','Darline','Feminin','','+50931536926','Infimière','2019-08-29 13:00:43',4,4,'NON'),(485,'Dasty','Regine','Feminin','','+50940029129','','2019-08-29 13:01:17',4,4,'NON'),(486,'Cassy','Erlande','Feminin','','+50948025950','Administration','2019-08-29 13:01:24',4,4,'NON'),(487,'Fleurimond','Rogens','Masculin','','+50946267953','Professeur','2019-08-29 13:01:44',4,4,'NON'),(488,'Boursiquot','Figaro','Masculin','','+50938219760','','2019-08-29 13:01:49',4,4,'NON'),(489,'Macermon','Rony','Masculin','','+50944969544','Sces Info','2019-08-29 13:01:55',4,4,'NON'),(490,'JN BAPTISTE','Metuchela','Feminin','','+50934582433','','2019-08-29 13:02:01',4,4,'NON'),(491,'Noma','Marie Edna','Feminin','','+50943271128','Administration','2019-08-29 13:02:08',4,4,'NON'),(492,'Chevrin','Ritha','Feminin','','+50939151362','Administration','2019-08-29 13:02:36',4,4,'NON'),(493,'Saint Juste','Andrise','Feminin','','+50944288940','Administration','2019-08-29 13:02:42',4,4,'NON'),(494,'DECOSSE','Menos steeve','Masculin','','+50938862719','','2019-08-29 13:03:01',4,4,'NON'),(495,'Mondesir','Naphtair','Feminin','','+50949415095','','2019-08-29 13:03:23',4,4,'NON'),(496,'Genéus','Guerchom','Masculin','','+50943039042','Administration','2019-08-29 13:03:29',4,4,'NON'),(497,'Desulme','XDieudide','Feminin','','+50938916638','Administration','2019-08-29 13:03:50',4,4,'NON'),(498,'SARAPHIN','Rebeca','Feminin','','+50939403150','','2019-08-29 13:03:54',4,4,'NON'),(499,'Altidor','Jenie','Feminin','','+50946030807','','2019-08-29 13:04:02',4,4,'NON'),(500,'Ostile','Augusma','Masculin','','+50944729731','Administration','2019-08-29 13:04:28',4,4,'NON'),(501,'Desmornes','Kethia','Feminin','','+50937406150','','2019-08-29 13:04:54',4,4,'NON'),(502,'Leriche','Millecent','Feminin','','+50937569761','Gestion','2019-08-29 13:05:01',4,4,'NON'),(503,'JEAN-BAPTISTE','Junior','Masculin','','+50944750998','','2019-08-29 13:05:04',4,4,'NON'),(504,'Italis','Sentica','Feminin','','+50936840688','Administration','2019-08-29 13:05:20',4,4,'NON'),(505,'Altejacque','Wideline','Feminin','','+50936924407','','2019-08-29 13:05:41',4,4,'NON'),(506,'DELY','OLIVIER','Masculin','','+50931298790','','2019-08-29 13:05:52',4,4,'NON'),(507,'Lesperance','Jeffnie','Feminin','','+50934192339','Administration','2019-08-29 13:06:06',4,4,'NON'),(508,'Octobre','Nabitha','Feminin','','+50931282005','','2019-08-29 13:06:10',4,4,'NON'),(509,'Jasmin','Aline','Feminin','','+50934203649','Infimiere','2019-08-29 13:06:32',4,4,'NON'),(510,'Antoine','Emmanuella','Feminin','','+50947839535','','2019-08-29 13:06:39',4,4,'NON'),(511,'BALYN','Manoucheka','Feminin','','+50948695307','','2019-08-29 13:06:45',4,4,'NON'),(512,'Sylne','Santhia','Feminin','','+50947799921','','2019-08-29 13:06:50',4,4,'NON'),(513,'Chery','Decastro','Masculin','','+50938083390','Professeur','2019-08-29 13:06:53',4,4,'NON'),(514,'Lindor','Sandeley','Masculin','','+50947062887','','2019-08-29 13:07:39',4,4,'NON'),(515,'Dorilus','Meatson','Masculin','','+50948360791','Genie Electromeca','2019-08-29 13:07:40',4,4,'NON'),(516,'ERLANDIE','Bernard','Feminin','','+50931282547','','2019-08-29 13:07:43',4,4,'NON'),(517,'Caze','Michelle Fredeline','Feminin','','+50940840390','Scs Infirmieres','2019-08-29 13:07:59',4,4,'NON'),(518,'Cadet','Davidson','Masculin','','+50944007173','','2019-08-29 13:08:06',4,4,'NON'),(519,'Coridon','Blaise','Masculin','','+50939081568','','2019-08-29 13:08:44',4,4,'NON'),(520,'BAPTISTE','Marie Gerthie','Feminin','','+50938486073','','2019-08-29 13:09:14',4,4,'NON'),(521,'Alexis','Mularde','Feminin','','+50944535632','','2019-08-29 13:09:42',4,4,'NON'),(522,'CADET','Kenzy','Masculin','','+50943020289','','2019-08-29 13:10:27',4,4,'NON'),(523,'Edme','Marie Sandy','Feminin','','+50949248215','','2019-08-29 13:11:03',4,4,'NON'),(524,'CHARLES','Fritz','Masculin','','+50948557986','','2019-08-29 13:11:22',4,4,'NON'),(525,'Edme','Mathana','Feminin','','+50948636928','Visiteur','2019-08-29 13:11:32',4,4,'NON'),(526,'Joseph','Albert','Masculin','','+50946958106','','2019-08-29 13:12:07',4,4,'NON'),(527,'ROMELUS','Bladimy','Masculin','','+50947733943','','2019-08-29 13:13:33',4,4,'NON'),(528,'St Hubert','Shela','Feminin','','+50944141411','','2019-08-29 13:13:41',4,4,'NON'),(529,'DESSIN','Yvanta','Feminin','','+50934109698','','2019-08-29 13:14:18',4,4,'NON'),(530,'Nazon','Anaelle','Feminin','','+50948376869','','2019-08-29 13:14:22',4,4,'NON'),(531,'Casimir','Daphney','Feminin','','+50944189068','Administration','2019-08-29 13:14:50',4,4,'NON'),(532,'Zamor','Widza','Feminin','','+50946931153','','2019-08-29 13:14:55',4,4,'NON'),(533,'ALCIME','Rose Vedette','Feminin','','+50947629750','infirmiere','2019-08-29 13:15:15',4,4,'NON'),(534,'Cenozier','Chesnel','Masculin','','+50944712123','','2019-08-29 13:15:34',4,4,'NON'),(535,'GEORGES','Lovely','Feminin','','+50947734610','','2019-08-29 13:16:00',4,4,'NON'),(536,'Francois','Dieuphenson','Masculin','','+50937672337','','2019-08-29 13:16:09',4,4,'NON'),(537,'Lumerant','Franceska','Feminin','','+50938527610','Administration','2019-08-29 13:16:16',4,4,'NON'),(538,'EDMOND','Christian','Masculin','','+50944614017','','2019-08-29 13:16:57',4,4,'NON'),(539,'Delcy','Getro','Masculin','','+50949358099','','2019-08-29 13:17:07',4,4,'NON'),(540,'Saint Laurent','Marc Laurens','Masculin','','+50948780057','','2019-08-29 13:17:19',4,4,'NON'),(541,'BAPTISTE','Lourdemia','Feminin','','+50948389437','','2019-08-29 13:17:46',4,4,'NON'),(542,'Vital','stergo','Masculin','','+50946472731','Reseaau Depannage','2019-08-29 13:17:47',4,4,'NON'),(543,'Louis','Wideline','Feminin','','+50933799645','','2019-08-29 13:17:48',4,4,'NON'),(544,'Louis Senat','Luxenat','Masculin','','+50942586929','','2019-08-29 13:18:12',4,4,'NON'),(545,'Marcelin','Wilcoeur','Masculin','','+50937941345','','2019-08-29 13:18:33',4,4,'NON'),(546,'LOUISIA','Serondier','Masculin','','+50947292094','','2019-08-29 13:18:52',4,4,'NON'),(547,'Descollines','Jamesson','Masculin','','+50947288483','','2019-08-29 13:19:15',4,4,'NON'),(548,'Coffy','Guerby Jean Kerson','Masculin','','+50932055436','','2019-08-29 13:19:21',4,4,'NON'),(549,'Toussaint','Ricardo','Masculin','','+50936162221','','2019-08-29 13:20:15',4,4,'NON'),(550,'Souffrant','Genel','Masculin','','+50948480397','','2019-08-29 13:20:20',4,4,'NON'),(551,'Bain','jhonson','Masculin','','+50933103911','','2019-08-29 13:20:53',4,4,'NON'),(552,'Leo','Bichara','Feminin','','+50947638739','','2019-08-29 13:21:41',4,4,'NON'),(553,'FACILE','Joseph','Masculin','','+50949157679','','2019-08-29 13:21:55',4,4,'NON'),(554,'Cigene','Stania','Feminin','','+50931460025','','2019-08-29 13:23:12',4,4,'NON'),(555,'Douge','Nicholson','Masculin','','+50936817761','Sces Education','2019-08-29 13:23:46',4,4,'NON'),(556,'JN BAPTISTE','Thanora','Feminin','','+50946262052','','2019-08-29 13:24:04',4,4,'NON'),(557,'ZEPHYR','Jean Sebastien','Masculin','','+50948273707','','2019-08-29 13:24:30',4,4,'NON'),(558,'Bienvil','Wonken','Masculin','','+50931597647','Informatique','2019-08-29 13:24:47',4,4,'NON'),(559,'Dezir','Lora','Feminin','','+50937703877','','2019-08-29 13:24:49',4,4,'NON'),(560,'BERNABE','Jonathan','Masculin','','+50937718085','','2019-08-29 13:25:34',4,4,'NON'),(561,'SIMEON','Maudeline','Feminin','','+50947795824','','2019-08-29 13:25:37',4,4,'NON'),(562,'Mesilien','Eljie','Feminin','','+50944207788','Administration','2019-08-29 13:25:46',4,4,'NON'),(563,'Louis Jean','Alendy','Masculin','','+50937477815','','2019-08-29 13:26:24',4,4,'NON'),(564,'Jean Marc','Jean','Masculin','','+50946536180','','2019-08-29 13:26:48',4,4,'NON'),(565,'MALVOISIN','Ludnie','Feminin','','+50932205439','','2019-08-29 13:26:57',4,4,'NON'),(566,'Paul','Yanka','Feminin','','+50931299458','Visiteur','2019-08-29 13:27:37',4,4,'NON'),(567,'JOSEPH','Jesuchrislene','Feminin','','+50936953432','','2019-08-29 13:28:35',4,4,'NON'),(568,'Boudeau','Marven','Masculin','','+50938357470','','2019-08-29 13:29:01',4,4,'NON'),(569,'Monteville','Mikerline','Feminin','','+50939393597','','2019-08-29 13:29:22',4,4,'NON'),(570,'SAINTYL','Davidson','Masculin','','+50944903582','','2019-08-29 13:29:28',4,4,'NON'),(571,'PAIN','Daphka','Feminin','','+50947382563','','2019-08-29 13:29:50',4,4,'NON'),(572,'Jean','Nalene','Feminin','','+50933332451','','2019-08-29 13:30:10',4,4,'NON'),(573,'DORELUS','Chileus','Masculin','','+50947265644','','2019-08-29 13:30:11',4,4,'NON'),(574,'Alistile','Daniel','Feminin','','+50932243053','Visiteur','2019-08-29 13:31:04',4,4,'NON'),(575,'Dorilas','Jameson','Masculin','','+50936220520','','2019-08-29 13:31:11',4,4,'NON'),(576,'Louis','Lovelie','Feminin','','+50943070403','','2019-08-29 13:31:31',4,4,'NON'),(577,'ALEXIS','Schneidine','Feminin','','+50944447347','','2019-08-29 13:31:33',4,4,'NON'),(578,'Grimado','Sophia','Feminin','','+50931424070','','2019-08-29 13:32:13',4,4,'NON'),(579,'JEROME','Nephtalie','Feminin','','+50944847899','','2019-08-29 13:32:15',4,4,'NON'),(580,'JEAN JACQUE','Vanessa','Feminin','','+50948839011','','2019-08-29 13:32:24',4,4,'NON'),(581,'Desarmes','Chompompy','Feminin','','+50934263725','','2019-08-29 13:32:24',4,4,'NON'),(582,'Pierre','Judson Vedrine','Feminin','','+50944443850','','2019-08-29 13:33:05',4,4,'NON'),(583,'MONEON','Phenel','Masculin','','+50944035216','','2019-08-29 13:33:07',4,4,'NON'),(584,'Louissaint','Melissa','Feminin','','+50947389847','','2019-08-29 13:33:26',4,4,'NON'),(585,'Remy','Johny','Masculin','','+50936755192','Reseaux','2019-08-29 13:33:35',4,4,'NON'),(586,'Louis','Rebeca','Feminin','','+50946467225','','2019-08-29 13:33:45',4,4,'NON'),(587,'ARISTYL','Joseph','Masculin','','+50948929750','','2019-08-29 13:33:47',4,4,'NON'),(588,'Paulcenat','Taina','Feminin','','+50939331304','Infimiere','2019-08-29 13:34:14',4,4,'NON'),(589,'Saint AIME','Joast','Masculin','','+50932058701','','2019-08-29 13:34:25',4,4,'NON'),(590,'JOSEPH','Chrisnor','Masculin','','+50946489461','','2019-08-29 13:34:31',4,4,'NON'),(591,'Milfort','Stevensky','Masculin','','+50948209519','','2019-08-29 13:35:00',4,4,'NON'),(592,'Louis','fabien','Masculin','','+50948688078','','2019-08-29 13:35:02',4,4,'NON'),(593,'JOSEPH','Schrembs philippe azguy','Masculin','','+50939195706','','2019-08-29 13:35:38',4,4,'NON'),(594,'Origene','Marie Ketchina','Feminin','','+50944328150','','2019-08-29 13:35:42',4,4,'NON'),(595,'Gabriel','Cliffson','Masculin','','+50934576383','','2019-08-29 13:35:43',4,4,'NON'),(596,'Jean','Kendy','Masculin','','+50947226232','','2019-08-29 13:35:56',4,4,'NON'),(597,'SAUVEUR','Anius','Masculin','','+50944586884','','2019-08-29 13:36:26',4,4,'NON'),(598,'Lomba','Judeline','Feminin','','+50937503505','','2019-08-29 13:36:29',4,4,'NON'),(599,'Edme','Abigael Angelonie','Feminin','','+50938632273','','2019-08-29 13:36:36',4,4,'NON'),(600,'Exantus','Migline','Feminin','','+50936054913','','2019-08-29 13:37:06',4,4,'NON'),(601,'Dort','Ge LutJens','Masculin','','+50946550238','','2019-08-29 13:37:22',4,4,'NON'),(602,'Harrigan','Rachelle','Feminin','','+50944115489','','2019-08-29 13:38:19',4,4,'NON'),(603,'PRESUME','Rose Myrtha','Feminin','','+50938443089','','2019-08-29 13:38:58',4,4,'NON'),(604,'Borgela','Adrienne','Masculin','','+50949099800','','2019-08-29 13:38:59',4,4,'NON'),(605,'Douislly','Jesulla','Feminin','','+50939340902','Gestion','2019-08-29 13:39:16',4,4,'NON'),(606,'Gelin','Geraldine','Feminin','','+50948485227','','2019-08-29 13:39:31',4,4,'NON'),(608,'COLAS','Sofia','Feminin','','+50937437677','','2019-08-29 13:39:53',4,4,'NON'),(609,'Romain','Cleo','Masculin','','+50938985796','','2019-08-29 13:40:07',4,4,'NON'),(610,'Darius','Lovemya','Feminin','','+50934719538','Comptable','2019-08-29 13:40:13',4,4,'NON'),(611,'JEAN','Pharlande','Feminin','','+50944827936','','2019-08-29 13:40:42',4,4,'NON'),(612,'Desrusseau','Asterline','Feminin','','+50933406256','','2019-08-29 13:40:55',4,4,'NON'),(613,'Antoine','Marrgalyne','Feminin','','+50947542554','','2019-08-29 13:41:06',4,4,'NON'),(614,'Estiverne','Karl Lewis','Masculin','','+50948185614','Genie Meca','2019-08-29 13:41:16',4,4,'NON'),(615,'CHERY','Camesuse','Feminin','','+50948552824','','2019-08-29 13:41:31',4,4,'NON'),(616,'Bourjo','Jean Samuel','Masculin','','+50940875597','Scs Education','2019-08-29 13:42:15',4,4,'NON'),(617,'Emilus','Hemson','Masculin','','+50947054902','','2019-08-29 13:42:21',4,4,'NON'),(618,'BIEN-AIME','Marie Sandra','Feminin','','+50938944204','','2019-08-29 13:42:26',4,4,'NON'),(619,'THEBAUD','Jhon Obed','Masculin','','+50949235590','','2019-08-29 13:42:41',4,4,'NON'),(620,'Celoy','Emmanuela','Feminin','','+50939462116','Administration','2019-08-29 13:42:46',4,4,'NON'),(621,'Floreal','Bertha','Feminin','','+50944208961','','2019-08-29 13:42:53',4,4,'NON'),(622,'Olivier','Christina','Feminin','','+50938955917','Administration','2019-08-29 13:43:16',4,4,'NON'),(623,'NAUD','Daphne','Feminin','','+50946886776','','2019-08-29 13:43:21',4,4,'NON'),(624,'Guillaume','Pierre Evens','Masculin','','+50948478740','','2019-08-29 13:43:40',4,4,'NON'),(625,'Cesar','lunouse','Feminin','','+50949202778','','2019-08-29 13:43:42',4,4,'NON'),(626,'JEAN LOUIS','Carline','Feminin','','+50946832724','','2019-08-29 13:43:59',4,4,'NON'),(627,'Joseph','Cydelia','Feminin','','+50936920014','Sces Comptable','2019-08-29 13:44:01',4,4,'NON'),(628,'ETIENNE','Dieulene','Feminin','','+50934870430','','2019-08-29 13:44:37',4,4,'NON'),(629,'Valeris','Ilomise','Feminin','','+50932698250','','2019-08-29 13:44:42',4,4,'NON'),(630,'Samson','Alixon','Masculin','','+50939093939','Genie E M','2019-08-29 13:44:53',4,4,'NON'),(631,'Mereno','Ivens','Masculin','','+50946240426','','2019-08-29 13:46:22',4,4,'NON'),(632,'SURBRIS','Mathieu','Masculin','','+50937931843','','2019-08-29 13:47:14',4,4,'NON'),(633,'Louis','Jean Bertrand Arnoux','Masculin','','+50940177428','','2019-08-29 13:48:04',4,4,'NON'),(634,'Gedeon','Cassandra','Feminin','','+50944599070','Sces Comptable','2019-08-29 13:48:06',4,4,'NON'),(635,'FLEURIMONT','Loudlie','Feminin','','+50947779883','','2019-08-29 13:48:16',4,4,'NON'),(636,'Farmil','Clarens','Masculin','','+50934344785','','2019-08-29 13:48:42',4,4,'NON'),(637,'Ebel','Regine','Masculin','','+50947664150','','2019-08-29 13:49:08',4,4,'NON'),(638,'Alexandre','Myralanda','Feminin','','+50939150132','Hotellerie','2019-08-29 13:49:13',4,4,'NON'),(639,'Dumelle','Gaelle','Feminin','','+50936187797','','2019-08-29 13:49:23',4,4,'NON'),(640,'BIENNE','Birnencie','Feminin','','+50937955381','','2019-08-29 13:49:36',4,4,'NON'),(641,'Charles','Myriam','Feminin','','+50931931066','','2019-08-29 13:49:50',4,4,'NON'),(642,'MATHIEU','Dieucy','Feminin','','+50937188804','','2019-08-29 13:50:50',4,4,'NON'),(643,'Jeanty','Roseny','Feminin','','+50933554454','Administration','2019-08-29 13:51:10',4,4,'NON'),(644,'Desbouquets','Guyrose','Feminin','','+50937905286','','2019-08-29 13:51:25',4,4,'NON'),(645,'Julles','Michecarie','Feminin','','+50947213542','','2019-08-29 13:51:37',4,4,'NON'),(646,'PIERRE','Peterson','Masculin','','+50939409763','','2019-08-29 13:51:46',4,4,'NON'),(647,'Jean','Roseline','Feminin','','+50944251822','Administration','2019-08-29 13:51:47',4,4,'NON'),(648,'Saintise','Sheila','Feminin','','+50948844053','','2019-08-29 13:51:58',4,4,'NON'),(649,'Raphael','Robens','Masculin','','+50946392728','Sces Comptable','2019-08-29 13:52:22',4,4,'NON'),(650,'Micheau','Solmy Aleridge','Masculin','','+50944999366','','2019-08-29 13:52:33',4,4,'NON'),(651,'JOINVILLE','Martine','Feminin','','+50949376310','','2019-08-29 13:52:44',4,4,'NON'),(652,'Formelus','Richard','Masculin','','+50934399376','','2019-08-29 13:52:50',4,4,'NON'),(653,'Didier','Peral','Masculin','','+50942461878','','2019-08-29 13:53:32',4,4,'NON'),(654,'LEONARD','Nadelca','Feminin','','+50940044701','','2019-08-29 13:53:57',4,4,'NON'),(655,'Bazil','Christelle','Feminin','','+50938817821','','2019-08-29 13:54:22',4,4,'NON'),(656,'Deshomme','Divenson','Masculin','','+50931733370','','2019-08-29 13:54:44',4,4,'NON'),(657,'Francois','Eddy Guershon','Masculin','','+50947860445','Photograohe','2019-08-29 13:54:53',4,4,'NON'),(658,'LAFOFET','Edith','Masculin','','+50939155737','','2019-08-29 13:57:12',4,4,'NON'),(659,'Englade','Saraphina','Feminin','','+50943573161','Sces Comptable','2019-08-29 14:01:26',4,4,'NON'),(660,'Pierre','Arnold Junior','Masculin','','+50948784254','visiteur','2019-08-29 14:02:59',4,4,'NON'),(661,'Bathelmy','Rosie','Feminin','','+50934222670','','2019-08-29 14:03:54',4,4,'NON'),(662,'Dephber','Bonhomme','Masculin','','+50941977731','Administration','2019-08-29 14:05:44',4,4,'NON'),(663,'Goges','Belffort','Masculin','','+50937482272','','2019-08-29 14:06:34',4,4,'NON'),(664,'Cassamajor','Marcin','Feminin','','+50947741926','Genie Meca','2019-08-29 14:06:36',4,4,'NON'),(665,'Desrouisseaux','Vanelson','Masculin','','+50943630602','Genie Meca','2019-08-29 14:07:29',4,4,'NON'),(666,'louis','schardeline','Feminin','','+50944947206','','2019-08-29 14:07:36',4,4,'NON'),(667,'Kenold','Lucart','Feminin','','+50944484813','visiteur','2019-08-29 14:08:01',4,4,'NON'),(668,'Nadzaire','Nathalie','Feminin','','+50936752469','','2019-08-29 14:08:23',4,4,'NON'),(669,'Pierre','Jean Samuel','Feminin','','+50939372769','Informaticien','2019-08-29 14:08:32',4,4,'NON'),(670,'Louisgene','Caroline','Feminin','','+50937459069','','2019-08-29 14:09:15',4,4,'NON'),(671,'Fragelus','Elmathe','Masculin','','+50942452864','Gestion','2019-08-29 14:09:52',4,4,'NON'),(672,'Policar','Saradienne','Feminin','','+50944712709','','2019-08-29 14:10:00',4,4,'NON'),(673,'Brutus','Esther','Feminin','','+50948432921','Sces Education','2019-08-29 14:10:24',4,4,'NON'),(674,'Domont','Kimberlie','Feminin','','+50934976478','','2019-08-29 14:11:08',4,4,'NON'),(675,'jOSEPH','isabella','Feminin','','+50944274398','','2019-08-29 14:12:08',4,4,'NON'),(676,'Augustin','Rose Berland','Feminin','','+50946191693','Sces Infimiere','2019-08-29 14:12:31',4,4,'NON'),(677,'Alexis','Jenifer','Feminin','','+50946889135','Genie Civil','2019-08-29 14:13:19',4,4,'NON'),(678,'Romelus','Widline','Feminin','','+50937725802','Administration','2019-08-29 14:14:01',4,4,'NON'),(679,'Bissainthe','Rebecca','Feminin','','+50948321830','','2019-08-29 14:14:04',4,4,'NON'),(680,'Altidor','Alexandra','Feminin','','+50944581322','visiteur','2019-08-29 14:15:02',4,4,'NON'),(681,'Edouard','Rose Eberlhedil','Feminin','','+50933320860','','2019-08-29 14:15:37',4,4,'NON'),(682,'D\\\'haiti','Widjinard','Feminin','','+50937134301','Gestion','2019-08-29 14:15:59',4,4,'NON'),(683,'Medeus','Davidson','Masculin','','+50944709601','Genie Meca','2019-08-29 14:16:41',4,4,'NON'),(684,'Museau','Loely','Feminin','','+50940745165','','2019-08-29 14:17:24',4,4,'NON'),(685,'Noel','Nirva','Feminin','','+50948023705','Sces Comptable','2019-08-29 14:17:27',4,4,'NON'),(686,'Felix','louisainte','Feminin','','+50936179440','','2019-08-29 14:18:03',4,4,'NON'),(687,'Jeancy','Marie Myrli','Feminin','','+50937840230','Sces Comptable','2019-08-29 14:18:07',4,4,'NON'),(688,'Anacasis','Kervins','Masculin','','+50947573172','Agronomie','2019-08-29 14:18:49',4,4,'NON'),(689,'DUGUEZ','Scarina','Feminin','','+50947391716','','2019-08-29 14:18:57',4,4,'NON'),(690,'Paul','Wilnick','Masculin','','+50933204512','Sces Education','2019-08-29 14:19:29',4,4,'NON'),(691,'Alteme','Nimrod','Masculin','','+50939064031','','2019-08-29 14:20:01',4,4,'NON'),(692,'Pierre-Louis','Fbiola','Feminin','','+50946283626','Gestion','2019-08-29 14:20:24',4,4,'NON'),(693,'Cadet','Remicka','Feminin','','+50946075236','','2019-08-29 14:20:47',4,4,'NON'),(694,'Dorceny','Judith','Feminin','','+50939476269','Administration','2019-08-29 14:21:17',4,4,'NON'),(695,'Beaubrun','louinel','Masculin','','+50940907272','','2019-08-29 14:21:51',4,4,'NON'),(696,'Bien aime','Sobmerson','Masculin','','+50934689829','Administration','2019-08-29 14:22:07',4,4,'NON'),(697,'Achelis','Olny','Masculin','','+50936464578','Agronomie','2019-08-29 14:23:54',4,4,'NON'),(698,'Samedy','Danuel','Masculin','','+50937931023','','2019-08-29 14:24:00',4,4,'NON'),(699,'Boyer','Wichnader','Masculin','','+50946337600','Genie','2019-08-29 14:24:25',4,4,'NON'),(700,'price','Vanessa','Feminin','','+50948656826','','2019-08-29 14:24:58',4,4,'NON'),(701,'Lesperans','Amigaelle','Feminin','','+50949277098','Gestion','2019-08-29 14:25:12',4,4,'NON'),(702,'Louis-Marie','Rachelle','Feminin','','+50934381374','','2019-08-29 14:25:53',4,4,'NON'),(703,'Jean Felix','Roubens','Masculin','','+50947743690','Sces Comptable','2019-08-29 14:26:11',4,4,'NON'),(704,'Moise-Jean','Ronaldo','Masculin','','+50936924498','','2019-08-29 14:29:22',4,4,'NON'),(705,'Saint Fleure','Philippe','Masculin','','+50947898080','Agronomie','2019-08-29 14:29:41',4,4,'NON'),(706,'Fred','Charly','Masculin','','+50947049173','','2019-08-29 14:30:10',4,4,'NON'),(707,'Synar','Vanessa','Feminin','','+50931654803','Gestion','2019-08-29 14:32:06',4,4,'NON'),(708,'Constant','Dunflor','Feminin','','+50944317847','','2019-08-29 14:32:29',4,4,'NON'),(709,'Cius','Rene','Masculin','','+50942621457','Gestion','2019-08-29 14:33:01',4,4,'NON'),(710,'Lorant','Ydenis','Masculin','','+50938862409','','2019-08-29 14:33:23',4,4,'NON'),(711,'Clozin','Blandine','Feminin','','+50948654801','Hotellerie','2019-08-29 14:34:21',4,4,'NON'),(712,'Augustin','Robens','Masculin','','+50946809749','','2019-08-29 14:34:54',4,4,'NON'),(713,'Plaisimond','Mirlene','Feminin','','+50944769507','','2019-08-29 14:35:09',4,4,'NON'),(714,'Pierre','kenaff','Feminin','','+50946495997','','2019-08-29 14:35:29',4,4,'NON'),(715,'Mondesir','Nandie Gaetchina','Feminin','','+50946899441','Tchecnique Banciaire','2019-08-29 14:35:40',4,4,'NON'),(716,'Auguste','anne taylor','Feminin','','+50936601983','','2019-08-29 14:36:06',4,4,'NON'),(717,'Elie','Ezza Delista','Feminin','','+50946532884','','2019-08-29 14:37:03',4,4,'NON'),(718,'Joseph','Merline','Feminin','','+50949104219','','2019-08-29 14:39:12',4,4,'NON'),(719,'Emmanuela','Jean louis','Feminin','','+50948431405','Ecoliere','2019-08-29 14:39:49',4,4,'NON'),(720,'Alexandre','Sandy','Feminin','','+50942736771','','2019-08-29 14:40:18',4,4,'NON'),(721,'Saby','Beherar','Masculin','','+50948169019','','2019-08-29 14:42:02',4,4,'NON'),(722,'Jean','Kettely','Feminin','','+50944036631','','2019-08-29 14:42:37',4,4,'NON'),(723,'Pompee','Nelly Ann Redggie','Feminin','','+50937953221','Laboratoire Medical','2019-08-29 14:42:59',4,4,'NON'),(724,'Dorsainvil','Rubens Matchous','Masculin','','+50938300897','','2019-08-29 14:43:06',4,4,'NON'),(725,'Francois','kenia','Feminin','','+50946124318','','2019-08-29 14:43:12',4,4,'NON'),(726,'Delicieux','Nounca','Feminin','','+50944218076','','2019-08-29 14:43:48',4,4,'NON'),(727,'Bruno','LOvenson','Masculin','','+50949386855','Genie Civil','2019-08-29 14:44:06',4,4,'NON'),(728,'Dossous','Rosefort','Feminin','','+50932794718','','2019-08-29 14:44:08',4,4,'NON'),(729,'Jean Pierre','Guislande','Feminin','','+50939487992','','2019-08-29 14:44:19',4,4,'NON'),(730,'Pierre','Youseline','Feminin','','+50937320594','Scs Infirmieres','2019-08-29 14:44:51',4,4,'NON'),(731,'Nortilus','Stanley','Masculin','','+50947982396','','2019-08-29 14:44:54',4,4,'NON'),(732,'Saintina','Odney','Feminin','','+50941092308','','2019-08-29 14:47:12',4,4,'NON'),(733,'Celestin','Jenny','Masculin','','+50931281297','','2019-08-29 14:47:35',4,4,'NON'),(734,'Pierre','Wisken','Masculin','','+50949154664','','2019-08-29 14:48:35',4,4,'NON'),(735,'PIERRE','Louis joas','Masculin','','+50937940498','','2019-08-29 14:49:00',4,4,'NON'),(736,'Thomas','Nadine','Feminin','','+50946049095','','2019-08-29 14:49:10',4,4,'NON'),(737,'Thomas','Mackendy','Masculin','fortunat1235@gmail.com','+50932718342','invite','2019-08-29 14:49:50',4,4,'NON'),(738,'Jean','Wanuck-sanule','Feminin','','+50947089987','','2019-08-29 14:49:53',4,4,'NON'),(739,'Pierre','Fabrice','Masculin','','+50946930680','Informaticien','2019-08-29 14:50:11',4,4,'NON'),(740,'Boussico','Joseph','Masculin','fortunat1235@gmail.com','+50948428546','invite','2019-08-29 14:50:58',4,4,'NON'),(741,'Duvert','Chinode','Feminin','fortunat1235@gmail.com','+50934268406','Informaticien','2019-08-29 14:52:34',4,4,'NON'),(742,'Emilcar','Marckendy','Masculin','','+50948545246','Informaticien','2019-08-29 14:52:52',4,4,'NON'),(743,'Auguste','Schneider','Masculin','','+50947395034','','2019-08-29 14:53:23',4,4,'NON'),(744,'Elmeus','Regine','Feminin','','+50947109791','','2019-08-29 14:54:30',4,4,'NON'),(745,'Joseph','Antroinise','Feminin','','+50946805033','','2019-08-29 14:55:24',4,4,'NON'),(746,'Charles','Mathelly','Masculin','','+50937240696','Genie Electronic','2019-08-29 14:56:33',4,4,'NON'),(747,'noel','Thoni','Masculin','','+50947128871','','2019-08-29 14:56:37',4,4,'NON'),(748,'Pierre','Marc Rubens','Feminin','','+50947536787','','2019-08-29 14:56:43',4,4,'NON'),(749,'Joseph','Medwine','Feminin','','+50938828014','Hotellerie','2019-08-29 14:57:08',4,4,'NON'),(750,'Vital','Jameson','Masculin','','+50947602670','','2019-08-29 14:57:31',4,4,'NON'),(751,'Janvier','Lourdine','Feminin','','+50937663055','Sces Comptables','2019-08-29 14:57:35',4,4,'NON'),(752,'Telasmond','Lucien Junior','Masculin','','+50944280704','','2019-08-29 14:57:50',4,4,'NON'),(753,'Baptiste','Garry','Masculin','','+50936764778','Educateur','2019-08-29 14:57:57',4,4,'NON'),(754,'Clerger','Roseline','Feminin','','+50944591413','','2019-08-29 14:58:09',4,4,'NON'),(755,'Francois','Raymond','Feminin','','+50937665184','','2019-08-29 14:58:13',4,4,'NON'),(756,'Alouidor','Sherly','Feminin','','+50938887214','Sces Comptables','2019-08-29 14:58:50',4,4,'NON'),(757,'Francois','Shara','Feminin','','+50946058240','','2019-08-29 15:00:15',4,4,'NON'),(758,'Mercier','Rose Martine','Feminin','','+50937172135','','2019-08-29 15:00:25',4,4,'NON'),(759,'Clerge','Dana','Feminin','','+50942690587','Sces Infirmiere','2019-08-29 15:00:28',4,4,'NON'),(760,'Fevry','Kettia','Feminin','','+50949286468','Sces Infimiere','2019-08-29 15:00:49',4,4,'NON'),(761,'Fenelus','Katia','Feminin','','+50947055938','','2019-08-29 15:01:01',4,4,'NON'),(762,'Nefrand','Dayana','Feminin','','+50938363934','','2019-08-29 15:01:25',4,4,'NON'),(763,'Fizeme','Dikelina','Feminin','','+50934375547','','2019-08-29 15:01:46',4,4,'NON'),(764,'Charles','Mervens','Masculin','','+50934512639','','2019-08-29 15:03:46',4,4,'NON'),(765,'Joseph','Kentiana','Feminin','','+50949083333','Genie Civil','2019-08-29 15:04:03',4,4,'NON'),(766,'Pierre','Diovanica','Feminin','','+50946012955','','2019-08-29 15:04:58',4,4,'NON'),(767,'Sanond','Midkiff','Masculin','','+50947558868','','2019-08-29 15:04:59',4,4,'NON'),(768,'Melissa','Odner','Feminin','','+50948232082','Sces Administratives','2019-08-29 15:05:44',4,4,'NON'),(769,'Auguste','Clara Leander Velleda','Feminin','','+50937479405','','2019-08-29 15:05:52',4,4,'NON'),(770,'Joseph','Sista','Feminin','','+50941878888','Assistance Adm','2019-08-29 15:07:19',4,4,'NON'),(771,'Gabriel','Marie-Flore','Feminin','','+50948823736','Assistance Admis','2019-08-29 15:07:32',4,4,'NON'),(772,'Saint Juste','Danina','Feminin','','+50937222648','Assistance Adm','2019-08-29 15:08:09',4,4,'NON'),(773,'Pierre','Isaac','Masculin','','+50931282757','','2019-08-29 15:10:02',4,4,'NON'),(774,'Desanges','Christian','Masculin','','+50938830655','','2019-08-29 15:11:00',4,4,'NON'),(775,'Merizier','Adler','Masculin','','+50949201173','Agronomie','2019-08-29 15:11:19',4,4,'NON'),(776,'Derilus','Myke Odeucca','Feminin','','+50946406118','','2019-08-29 15:12:05',4,4,'NON'),(777,'Celestin','Herlande','Feminin','','+50949431386','invite','2019-08-29 15:13:46',4,4,'NON'),(778,'Ovilus','Melouse','Feminin','','+50947644841','','2019-08-29 15:15:02',4,4,'NON'),(779,'Fogue','Venel','Masculin','','+50934991643','','2019-08-29 15:15:31',4,4,'NON'),(780,'Poussin','Louvemedad','Feminin','','+50942886753','','2019-08-29 15:16:09',4,4,'NON'),(781,'Lexis','JEFF Sender','Masculin','','+50936390139','Sces Comptable','2019-08-29 15:17:13',4,4,'NON'),(782,'Bienvil','Blanchade','Feminin','','+50934163473','','2019-08-29 15:18:14',4,4,'NON'),(783,'Mars','Marie Joachim','Feminin','','+50934603469','Sces Infirmiere','2019-08-29 15:18:17',4,4,'NON'),(784,'Mathieu','Sarahdia','Feminin','','+50936250234','','2019-08-29 15:20:11',4,4,'NON'),(785,'Mathieu','Yolanda','Feminin','','+50948367973','Sces Gestion','2019-08-29 15:20:58',4,4,'NON'),(786,'Joseph','Decaste','Masculin','','+50936859855','','2019-08-29 15:21:16',4,4,'NON'),(787,'Vixamar','Marc-Dona','Masculin','','+50947329522','','2019-08-29 15:23:19',4,4,'NON'),(788,'Pierre Louis Gaston','Carole','Feminin','','+50943287126','','2019-08-29 15:25:21',4,4,'NON'),(789,'Jean Louis','Wilvens','Masculin','','+50931379854','','2019-08-29 15:25:27',4,4,'NON'),(790,'Despinasse','Phahendra','Feminin','','+50931690142','','2019-08-29 15:26:19',4,4,'NON'),(791,'Luxama','Jameson','Masculin','','+50948864117','','2019-08-29 15:31:16',4,4,'NON'),(792,'Theresa','Gedeome','Feminin','','+50948540920','','2019-08-29 15:34:13',4,4,'NON'),(793,'Devilus','Jameson','Masculin','','+50933945864','visiteur','2019-08-29 15:34:16',4,4,'NON'),(794,'Charles','Louvencia','Feminin','','+50944704421','','2019-08-29 15:35:28',4,4,'NON'),(795,'Cadet','Damana','Feminin','','+50931434595','Sces Comptable','2019-08-29 15:36:25',4,4,'NON'),(796,'Timothee','Nesthalie','Feminin','','+50948690339','Sces Comptable','2019-08-29 15:39:27',4,4,'NON'),(797,'Fecu','Kethia','Feminin','','+50934375711','Visiteur','2019-08-29 15:40:43',4,4,'NON'),(798,'Fontilme','Yvelon','Masculin','','+50946069899','','2019-08-29 15:43:54',4,4,'NON'),(799,'Toussaint','Marie Dorisse Elizabeth','Feminin','','+50939396126','Sces Informatiques','2019-08-29 15:45:17',4,4,'NON'),(800,'Charles','Juliana','Feminin','','+50946140318','Visiteur','2019-08-29 15:45:58',4,4,'NON'),(801,'Duclozile','Margaline','Feminin','','+50949241375','Visiteur','2019-08-30 09:49:11',4,4,'NON'),(802,'Dorismond','Mackenson','Masculin','','+50948733187','Scs informatique','2019-08-30 09:50:05',4,4,'NON'),(803,'mareus','micader','Masculin','','+50931828920','Sciences Informatique','2019-08-30 09:51:22',4,4,'NON'),(804,'Sylvano','Baltazar','Masculin','','+50931502938','Sces Naturel','2019-08-30 09:52:02',4,4,'NON'),(805,'Excelent','Stevenson','Masculin','','+50938607010','comptable','2019-08-30 09:52:49',4,4,'NON'),(806,'Celant','Buddle Akely','Feminin','','+50932758873','Sces Comptables','2019-08-30 09:53:08',4,4,'NON'),(807,'Theodore','Daphnie','Feminin','','+50940308299','Etudiante','2019-08-30 09:57:17',4,4,'NON'),(808,'Menthor','Fedline','Feminin','','+50931651907','','2019-08-30 09:57:36',4,4,'NON'),(809,'Dorceus','Naicka','Masculin','','+50936372530','Comptable','2019-08-30 09:57:55',4,4,'NON'),(810,'Desir','Yvlot','Masculin','','+50948104848','Informaticien','2019-08-30 09:58:02',4,4,'NON'),(811,'Dorilus','Rose-Fabienne','Feminin','','+50944806522','Etudiante','2019-08-30 09:58:17',4,4,'NON'),(812,'Riviere','Patrick','Masculin','','+50931283060','','2019-08-30 09:58:21',4,4,'NON'),(813,'Cine','Daphnée','Feminin','','+50936815389','Comptable','2019-08-30 09:58:39',4,4,'NON'),(814,'Casamajor','Marven','Masculin','','+50937471536','','2019-08-30 09:59:16',4,4,'NON'),(815,'Dessource','Jeff-Billy','Masculin','','+50948680265','etudiant','2019-08-30 09:59:46',4,4,'NON'),(816,'Sylvestre','Robenson','Masculin','','+50949414647','','2019-08-30 10:00:06',4,4,'NON'),(817,'Charles','Frantz','Masculin','','+50948651952','Comptable','2019-08-30 10:00:09',4,4,'NON'),(818,'Maxime','Marie Emanie Guita','Feminin','','+50939254712','Informaticien','2019-08-30 10:00:15',4,4,'NON'),(819,'Berthony','Richardson','Masculin','','+50947442812','','2019-08-30 10:01:02',4,4,'NON'),(820,'Bonange','Jean Guerdy','Masculin','','+50949239477','Agronomme','2019-08-30 10:01:15',4,4,'NON'),(821,'Jeudy','Georgy Jean.w','Masculin','','+50936711217','','2019-08-30 10:02:10',4,4,'NON'),(822,'Jude','Kercy','Masculin','','+50938287984','Communication','2019-08-30 10:02:20',4,4,'NON'),(823,'Belizaire','Mackendy','Masculin','','+50947521602','comptable','2019-08-30 10:02:50',4,4,'NON'),(824,'Nicolas','Carlheins','Masculin','','+50944671157','','2019-08-30 10:03:24',4,4,'NON'),(825,'Jean','Wilmide','Feminin','','+50946031098','etudiant','2019-08-30 10:03:31',4,4,'NON'),(826,'Batischon','Amenda','Feminin','','+50938212539','','2019-08-30 10:04:38',4,4,'NON'),(827,'Daphnis','Stephanie','Feminin','','+50938895865','etudiant','2019-08-30 10:05:23',4,4,'NON'),(828,'Revoluste','Edrina','Feminin','','+50944560434','','2019-08-30 10:06:20',4,4,'NON'),(829,'Noel','Dadi','Masculin','','+50931053597','Gestionnaire','2019-08-30 10:07:01',4,4,'NON'),(830,'Timothee','Stive','Masculin','','+50943796556','etudiant','2019-08-30 10:07:50',4,4,'NON'),(831,'Jean','Jean Wesley','Masculin','','+50944641957','Genie civile','2019-08-30 10:07:59',4,4,'NON'),(832,'Belmond','Amos','Feminin','','+50931653017','','2019-08-30 10:08:22',4,4,'NON'),(833,'Saintal','Phalonne','Feminin','','+50944529193','Administration','2019-08-30 10:09:05',4,4,'NON'),(834,'Pascal','Nirva','Feminin','','+50938436205','','2019-08-30 10:09:12',4,4,'NON'),(835,'Alexis','Dieufet','Feminin','','+50932366345','','2019-08-30 10:09:24',4,4,'NON'),(836,'Ladouceur','Katiana','Feminin','','+50944321288','','2019-08-30 10:09:42',4,4,'NON'),(837,'Dorvil','Blandine','Feminin','','+50943423636','agronomme','2019-08-30 10:09:45',4,4,'NON'),(838,'Pierre','Sandro','Masculin','','+50948575981','','2019-08-30 10:10:11',4,4,'NON'),(839,'Dorvil','Esteferley','Feminin','','+50944170564','Etudi','2019-08-30 10:10:14',4,4,'NON'),(840,'Joachim','Chideline','Feminin','','+50934838511','Scs informatique','2019-08-30 10:10:35',4,4,'NON'),(841,'Jerome','Cliford','Masculin','','+50944066211','Informaticien','2019-08-30 10:10:40',4,4,'NON'),(842,'Orelien','Jean Yvre','Masculin','','+50937467293','','2019-08-30 10:10:52',4,4,'NON'),(843,'Aspelly','Keth-Love','Feminin','','+50941629828','','2019-08-30 10:11:29',4,4,'NON'),(844,'Antroine','Maherlime','Feminin','','+50931486068','','2019-08-30 10:11:48',4,4,'NON'),(845,'Nelson','Rebecca','Feminin','','+50931560749','Comptable','2019-08-30 10:12:00',4,4,'NON'),(846,'Elien','Claire','Feminin','','+50946927843','','2019-08-30 10:12:27',4,4,'NON'),(847,'Romelus','Dieunane','Feminin','','+50942741740','','2019-08-30 10:13:12',4,4,'NON'),(848,'mathurin','Frantz Robert','Masculin','','+50938131759','Etudiant','2019-08-30 10:13:15',4,4,'NON'),(849,'Leon','Jean Yvre','Masculin','','+50931343213','','2019-08-30 10:14:33',4,4,'NON'),(850,'Noel','Tamara Lydie','Feminin','','+50944577338','Etudiant Gonaives','2019-08-30 10:15:12',4,4,'NON'),(851,'Darmus','Fred Donald','Masculin','','+50948299533','','2019-08-30 10:15:16',4,4,'NON'),(852,'Saintilma','Ricardo Roberto Baggo Dazilvo','Masculin','','+50937080625','','2019-08-30 10:15:46',4,4,'NON'),(853,'Pierre','Paul','Masculin','','+50938890013','','2019-08-30 10:15:59',4,4,'NON'),(854,'Fortil','Jameson','Masculin','','+50949199825','','2019-08-30 10:17:44',4,4,'NON'),(855,'Noel','Shelton','Masculin','','+50931018844','Agronome','2019-08-30 10:19:43',4,4,'NON'),(856,'Louissaint','Honorius','Masculin','','+50947202813','','2019-08-30 10:19:55',4,4,'NON'),(857,'Guillaume','Claude Joel','Masculin','','+50936122184','','2019-08-30 10:20:45',4,4,'NON'),(858,'Emmanuel','Jean Philipe','Masculin','','+50942584998','','2019-08-30 10:21:17',4,4,'NON'),(859,'Jeudi','Iscener','Masculin','','+50936660776','','2019-08-30 10:21:32',4,4,'NON'),(860,'Déclé','Elda','Feminin','','+50937306885','Comptable','2019-08-30 10:21:39',4,4,'NON'),(861,'Merizier','Louisson','Masculin','','+50947003354','Agronome','2019-08-30 10:22:08',4,4,'NON'),(862,'Monplaisir','Joseph Ramongue','Masculin','','+50936961376','','2019-08-30 10:22:20',4,4,'NON'),(863,'Goerge','Kimberly','Masculin','','+50943876993','Visiteur','2019-08-30 10:22:27',4,4,'NON'),(864,'Douyon','Harry','Masculin','','+50947105396','','2019-08-30 10:22:33',4,4,'NON'),(865,'Nicolas','Rood','Masculin','','+50937692371','','2019-08-30 10:23:01',4,4,'NON'),(866,'Louis','Edjhala','Feminin','','+50947904590','','2019-08-30 10:24:07',4,4,'NON'),(867,'Joseph','Ediasthana','Feminin','','+50936283862','','2019-08-30 10:25:32',4,4,'NON'),(868,'Noel','Peterson','Masculin','','+50936540805','Genie civil','2019-08-30 10:25:39',4,4,'NON'),(869,'Noel','Weedjine','Feminin','','+50936431957','Visiteur','2019-08-30 10:25:40',4,4,'NON'),(870,'Jeantilus','Gilande','Feminin','','+50934606570','','2019-08-30 10:25:40',4,4,'NON'),(871,'Henry','Berson','Masculin','','+50938719402','','2019-08-30 10:26:08',4,4,'NON'),(872,'Chofy','Mario','Masculin','','+50931284055','Genie civil','2019-08-30 10:26:17',4,4,'NON'),(873,'Monleon','Elyse','Masculin','','+50938947025','','2019-08-30 10:26:54',4,4,'NON'),(874,'Chofy','Dieuneuse','Feminin','','+50939943942','Agronommer','2019-08-30 10:26:56',4,4,'NON'),(875,'Jeudi','Reginal','Masculin','','+50936219214','','2019-08-30 10:26:59',4,4,'NON'),(876,'Staintama','Raphael','Masculin','','+50942719267','','2019-08-30 10:27:09',4,4,'NON'),(877,'Corgelas','Steevenson','Masculin','','+50944179151','','2019-08-30 10:27:42',4,4,'NON'),(878,'Galiotte','Anne-lise','Feminin','','+50937174321','Infimière','2019-08-30 10:27:51',4,4,'NON'),(879,'Azard','Marclon','Masculin','','+50936490519','','2019-08-30 10:29:24',4,4,'NON'),(880,'Beaubrum','Widley','Feminin','','+50949442909','','2019-08-30 10:30:27',4,4,'NON'),(881,'Faustin','Judelie','Feminin','','+50939068559','Hotellerie','2019-08-30 10:30:30',4,4,'NON'),(882,'Wadlair','Blanfort','Masculin','','+50939314641','Genie Civil','2019-08-30 10:30:37',4,4,'NON'),(883,'Vetilus','Robenson J.Junior','Masculin','','+50938060523','','2019-08-30 10:30:41',4,4,'NON'),(884,'Louis Juste','James','Masculin','','+50931912946','','2019-08-30 10:31:05',4,4,'NON'),(885,'Janvier','Badje','Feminin','','+50931825247','Visiteur','2019-08-30 10:31:21',4,4,'NON'),(886,'Cadet','Patriciana Shamah','Feminin','','+50947361955','','2019-08-30 10:31:29',4,4,'NON'),(887,'Jacques','Lecia','Feminin','','+50931414101','','2019-08-30 10:31:29',4,4,'NON'),(888,'Tilus','Bernithe','Feminin','','+50939399497','','2019-08-30 10:31:55',4,4,'NON'),(889,'Prince','Roodson','Masculin','','+50944047655','','2019-08-30 10:32:22',4,4,'NON'),(890,'Sile','Jeff','Masculin','','+50946489700','','2019-08-30 10:32:35',4,4,'NON'),(891,'Mozeau','Michelanda','Feminin','','+50941955329','Loboratoire','2019-08-30 10:32:43',4,4,'NON'),(892,'Baptiste','Waterioo','Masculin','','+50937103122','','2019-08-30 10:33:27',4,4,'NON'),(893,'Francois','Jean Wilner','Masculin','','+50939929158','Genie Civil','2019-08-30 10:34:05',4,4,'NON'),(894,'Glode','Beauvoir','Masculin','','+50944285848','','2019-08-30 10:34:19',4,4,'NON'),(895,'Momplaisir','Wensdy','Masculin','','+50934373757','','2019-08-30 10:34:26',4,4,'NON'),(896,'Phadael','Roland','Masculin','','+50932490867','','2019-08-30 10:34:27',4,4,'NON'),(897,'Feurijean','Marie Love','Feminin','','+50949022645','Economiste','2019-08-30 10:35:18',4,4,'NON'),(898,'Francois','Ernst','Masculin','','+50947116322','','2019-08-30 10:35:36',4,4,'NON'),(899,'Faustin','Eleazar','Masculin','','+50947665590','','2019-08-30 10:36:05',4,4,'NON'),(900,'Lubertin','Marie Yves','Feminin','','+50946327258','Visiteur','2019-08-30 10:36:18',4,4,'NON'),(901,'Descollines','Otniel','Masculin','','+50938875743','Genie Civil','2019-08-30 10:37:08',4,4,'NON'),(902,'Maxime','Marie Emanie Guita','Feminin','','+50938254712','','2019-08-30 10:37:24',4,4,'NON'),(903,'Semezier','Jhon Kesly','Masculin','','+50944832887','etudiant','2019-08-30 10:37:37',4,4,'NON'),(904,'Michaud Solmy','Ed','Masculin','','+50947132120','','2019-08-30 10:38:12',4,4,'NON'),(905,'Samedi','Alexandra','Feminin','','+50933913800','Ingenieur','2019-08-30 10:38:13',4,4,'NON'),(906,'Valmy','Stanley Peterson','Masculin','','+50943644779','','2019-08-30 10:38:49',4,4,'NON'),(907,'Sterlande','Jean','Feminin','','+50943622991','etudiante','2019-08-30 10:39:15',4,4,'NON'),(908,'Jean','Sandro','Masculin','','+50947861699','Agronomme','2019-08-30 10:39:27',4,4,'NON'),(909,'Pierre','Wendy','Masculin','','+50949370148','','2019-08-30 10:39:32',4,4,'NON'),(910,'Emmanuel','Johny','Masculin','','+50944417941','','2019-08-30 10:40:07',4,4,'NON'),(911,'Philogene','Benley','Masculin','','+50931999560','','2019-08-30 10:41:31',4,4,'NON'),(912,'Jean Francois','Ricardo','Masculin','','+50937329998','','2019-08-30 10:41:34',4,4,'NON'),(913,'Philistin','Marckinson','Masculin','','+50937127087','','2019-08-30 10:42:40',4,4,'NON'),(914,'Guerrier','Jeff','Masculin','','+50948843249','','2019-08-30 10:42:43',4,4,'NON'),(915,'Alexandre','Edwige','Feminin','','+50948451778','etudiante','2019-08-30 10:42:45',4,4,'NON'),(916,'Alexandre','Laflose','Feminin','','+50944950102','Visiteur','2019-08-30 10:42:57',4,4,'NON'),(917,'Michel','Renelson','Masculin','','+50948942252','','2019-08-30 10:43:27',4,4,'NON'),(918,'Alcereau','Heidgy Paul Hans','Masculin','','+50938558590','','2019-08-30 10:43:43',4,4,'NON'),(919,'Verdieu','Joseph Shoudli','Masculin','','+50949149456','','2019-08-30 10:43:46',4,4,'NON'),(920,'Vincent','Jenny','Masculin','','+50937807752','','2019-08-30 10:45:04',4,4,'NON'),(921,'Napoleran','Jerry Claude','Masculin','','+50946472711','Medcin','2019-08-30 10:45:08',4,4,'NON'),(922,'Desauguste','Jim Woodolth','Masculin','','+50946832162','','2019-08-30 10:46:25',4,4,'NON'),(923,'Noel','Missala','Feminin','','+50944550685','','2019-08-30 10:46:58',4,4,'NON'),(924,'Olius','Ralph','Masculin','','+50931796878','Informaticien','2019-08-30 10:47:31',4,4,'NON'),(925,'Elisee','David','Masculin','','+50938348533','Agronome','2019-08-30 10:47:32',4,4,'NON'),(926,'Oluis','Stabenky','Masculin','','+50931794385','','2019-08-30 10:47:44',4,4,'NON'),(927,'Caseus','Kania','Feminin','','+50948049707','Comptable','2019-08-30 10:48:13',4,4,'NON'),(928,'Jean Pierre','Valere','Masculin','','+50938328524','','2019-08-30 10:48:25',4,4,'NON'),(929,'Joseph','Sarah','Feminin','','+50947710857','Comptables','2019-08-30 10:48:34',4,4,'NON'),(930,'Jeaqn Louis','Bendjy Glarjimmy','Masculin','','+50938532275','','2019-08-30 10:49:01',4,4,'NON'),(931,'Thermidor','Yvenson','Masculin','','+50947146059','','2019-08-30 10:49:10',4,4,'NON'),(932,'Alriche','Raymonde','Feminin','','+50931206840','','2019-08-30 10:49:22',4,4,'NON'),(933,'Brutus','Richard','Masculin','','+50944486575','','2019-08-30 10:49:57',4,4,'NON'),(934,'Basin','Nancy','Feminin','','+50933663966','','2019-08-30 10:50:09',4,4,'NON'),(935,'Desulme','Frantz','Masculin','','+50939423238','Informaticien','2019-08-30 10:50:23',4,4,'NON'),(936,'Bonhomme','Rouby','Masculin','','+50937139554','','2019-08-30 10:53:01',4,4,'NON'),(937,'Etienne','Felix','Masculin','','+50937576655','','2019-08-30 10:53:29',4,4,'NON'),(938,'Cado','Tamara','Feminin','','+50949112722','Etudiante','2019-08-30 10:54:15',4,4,'NON'),(939,'Simaill','Venise','Feminin','','+50938080954','Infirmiere','2019-08-30 10:54:57',4,4,'NON'),(940,'Charles','Ornella','Feminin','','+50931283550','','2019-08-30 10:55:33',4,4,'NON'),(941,'Delice','Bebita','Feminin','','+50934811418','','2019-08-30 10:56:05',4,4,'NON'),(942,'Simin','Nancy','Feminin','','+50931940275','Administration','2019-08-30 10:56:32',4,4,'NON'),(943,'Jean Louis','Jeff','Masculin','','+50949096308','','2019-08-30 10:56:38',4,4,'NON'),(944,'Fedorah','Rachelle','Feminin','','+50947439825','','2019-08-30 10:57:49',4,4,'NON'),(945,'Jean Charles','Widna','Feminin','','+50940412765','Comptable','2019-08-30 10:57:51',4,4,'NON'),(946,'Catulle','Vanessa','Feminin','','+50949047516','Infimiere','2019-08-30 10:59:01',4,4,'NON'),(947,'Saint Germain','Tidor','Masculin','','+50940822456','','2019-08-30 10:59:36',4,4,'NON'),(948,'Joseph','Wadner','Masculin','','+50943296861','','2019-08-30 11:00:01',4,4,'NON'),(949,'Olince','Merzilia','Feminin','','+50947476460','','2019-08-30 11:00:21',4,4,'NON'),(950,'Desty','Kimpster','Masculin','','+50936297163','','2019-08-30 11:01:08',4,4,'NON'),(951,'Louissaint','Von-Der-Weid','Masculin','','+50931841912','','2019-08-30 11:02:58',4,4,'NON'),(952,'Fleurinor','Maphe-Alda','Feminin','','+50940804483','Etudiante','2019-08-30 11:03:12',4,4,'NON'),(953,'Odvil','Kervens','Masculin','','+50944759119','','2019-08-30 11:03:28',4,4,'NON'),(954,'Celicourt','Roobens','Masculin','','+50948240328','Etudiant','2019-08-30 11:04:00',4,4,'NON'),(955,'Delberirun','Janise','Feminin','','+50938360621','','2019-08-30 11:04:38',4,4,'NON'),(956,'Agenor','Jules','Masculin','','+50947659400','Etudiant','2019-08-30 11:05:52',4,4,'NON'),(957,'Jean Baptiste','Woldie','Feminin','','+50931284419','Comptable','2019-08-30 11:05:59',4,4,'NON'),(958,'Joseph','Belca','Feminin','','+50947299869','Sces Comptable','2019-08-30 11:06:02',4,4,'NON'),(959,'Baptelemy','Hugues','Masculin','','+50949256735','Etudiant','2019-08-30 11:06:32',4,4,'NON'),(960,'Francois','Alexandre','Feminin','','+50949165312','Etudiant','2019-08-30 11:07:19',4,4,'NON'),(961,'Ninsa','Joachin','Feminin','','+50946010688','Etudiante','2019-08-30 11:07:59',4,4,'NON'),(962,'Siris','Jean PIEROT','Masculin','','+50947301094','','2019-08-30 11:08:38',4,4,'NON'),(963,'Urbain','Fabienne','Feminin','','+50938263891','','2019-08-30 11:08:41',4,4,'NON'),(964,'Jean','Rosanne','Feminin','','+50937679462','Etudiante','2019-08-30 11:08:46',4,4,'NON'),(965,'Wiliame','Widlande','Feminin','','+50942685051','Gestionnaire','2019-08-30 11:09:25',4,4,'NON'),(966,'Silneas','Shelton','Masculin','','+50947515686','','2019-08-30 11:09:53',4,4,'NON'),(967,'Saint Jean','Jude','Masculin','','+50939921337','Administration','2019-08-30 11:11:54',4,4,'NON'),(968,'Bellerice','Jean Nasson','Masculin','','+50946223653','','2019-08-30 11:11:58',4,4,'NON'),(969,'Mednard','Suborde','Masculin','','+50947217692','','2019-08-30 11:13:56',4,4,'NON'),(970,'Jean Michelle','Jeantuse','Feminin','','+50942102105','','2019-08-30 11:14:34',4,4,'NON'),(971,'Luisdor','Samuel','Masculin','','+50949422558','','2019-08-30 11:14:36',4,4,'NON'),(972,'Villarson','Wilbens','Masculin','','+50949429795','','2019-08-30 11:15:41',4,4,'NON'),(973,'Michelendeur','Gerome','Feminin','','+50947774445','','2019-08-30 11:15:46',4,4,'NON'),(974,'Guerrier','Dorothy','Feminin','','+50931294828','','2019-08-30 11:17:04',4,4,'NON'),(975,'Saint Fleure','irones','Feminin','','+50936714307','','2019-08-30 11:17:27',4,4,'NON'),(976,'Maurice','Witchard','Masculin','','+50931286303','','2019-08-30 11:17:42',4,4,'NON'),(977,'Guerrie','Phara','Feminin','','+50948283723','Infimiere','2019-08-30 11:18:28',4,4,'NON'),(978,'Pompilus','Berette','Feminin','','+50944488471','','2019-08-30 11:18:41',4,4,'NON'),(979,'Joseph','Sophia','Feminin','','+50947081457','','2019-08-30 11:18:51',4,4,'NON'),(980,'Calixte','Nerline Milka','Feminin','','+50943229310','etudiante','2019-08-30 11:19:03',4,4,'NON'),(981,'Pompilus','Darline','Feminin','','+50946143346','','2019-08-30 11:19:07',4,4,'NON'),(982,'Dumas','Fortuna','Masculin','','+50944036156','Etudiante','2019-08-30 11:19:34',4,4,'NON'),(983,'Fritz','Richecarde','Masculin','','+50948662466','','2019-08-30 11:19:42',4,4,'NON'),(984,'Dorlus','Wilmise','Feminin','','+50931451242','','2019-08-30 11:19:45',4,4,'NON'),(985,'Dorvelus','Wilkend','Masculin','','+50931110731','','2019-08-30 11:19:45',4,4,'NON'),(986,'Gay','Johnley','Masculin','','+50931442247','','2019-08-30 11:20:15',4,4,'NON'),(987,'Paien','Louvia','Feminin','','+50931284352','Etudiante','2019-08-30 11:20:21',4,4,'NON'),(988,'Pierre','J.Tamar','Feminin','','+50949089929','','2019-08-30 11:20:33',4,4,'NON'),(989,'Pongne','Junior JohnnyFils','Masculin','','+50948415774','','2019-08-30 11:20:44',4,4,'NON'),(990,'Jean claude','Stephanie','Feminin','','+50947676271','Sces Comptable','2019-08-30 11:20:50',4,4,'NON'),(991,'Jean Paul','Daniela','Feminin','','+50946371088','Etudiante','2019-08-30 11:21:20',4,4,'NON'),(992,'Calixte','Sterley','Masculin','','+50942844031','','2019-08-30 11:22:25',4,4,'NON'),(993,'Griffon','Juanlley','Masculin','','+50944140531','','2019-08-30 11:22:44',4,4,'NON'),(994,'Cadeau','Mautelene','Feminin','','+50936697486','Etudiante','2019-08-30 11:22:47',4,4,'NON'),(995,'Pierre','Stevenson','Masculin','','+50947886869','','2019-08-30 11:23:02',4,4,'NON'),(996,'Jule','Samanta','Feminin','','+50948178862','Sces Comptable','2019-08-30 11:23:12',4,4,'NON'),(997,'Forvil','Judithe','Feminin','','+50933664524','Etudiante','2019-08-30 11:23:29',4,4,'NON'),(998,'Pamphil','Wilckens','Masculin','','+50938343964','','2019-08-30 11:23:33',4,4,'NON'),(999,'Louissaint','Anayka','Feminin','','+50944285567','','2019-08-30 11:23:50',4,4,'NON'),(1000,'Viellard','Rose-Berline','Feminin','','+50947447398','Etudiante','2019-08-30 11:24:40',4,4,'NON'),(1001,'Meride','Teslene','Feminin','','+50944927865','','2019-08-30 11:24:42',4,4,'NON'),(1002,'St Martin','Dedeline','Feminin','','+50939165378','','2019-08-30 11:24:52',4,4,'NON'),(1003,'Novembre','Claudia','Feminin','','+50946463749','','2019-08-30 11:25:34',4,4,'NON'),(1004,'Surin','Lesly','Masculin','','+50931096118','','2019-08-30 11:25:35',4,4,'NON'),(1005,'Alexandre','Shnidy','Feminin','','+50944717737','Medcin','2019-08-30 11:25:59',4,4,'NON'),(1006,'Doll','Jocelin','Masculin','','+50948273721','','2019-08-30 11:26:11',4,4,'NON'),(1007,'Cherisier','Sanndy','Masculin','','+50944430031','','2019-08-30 11:26:12',4,4,'NON'),(1008,'Duval','Rebecca','Feminin','','+50946036632','Education','2019-08-30 11:26:33',4,4,'NON'),(1009,'Michel','Davidson','Masculin','','+50937567328','','2019-08-30 11:26:44',4,4,'NON'),(1010,'Benoit','Hervena','Feminin','','+50938858195','','2019-08-30 11:27:16',4,4,'NON'),(1011,'Fabrice','Christelle','Feminin','','+50944543963','Etudiante','2019-08-30 11:27:38',4,4,'NON'),(1012,'Lordeus','Claubert','Masculin','','+50948706838','Ingenieur','2019-08-30 11:28:02',4,4,'NON'),(1013,'Joseph','Lisa','Feminin','','+50934481338','','2019-08-30 11:28:03',4,4,'NON'),(1014,'Charles','Marie Jamesy','Feminin','','+50947281523','','2019-08-30 11:28:23',4,4,'NON'),(1015,'Charles','Chanceline','Feminin','','+50946432264','','2019-08-30 11:28:33',4,4,'NON'),(1016,'Saint-Cyr','Kettelie','Masculin','','+50931444809','Etudiante','2019-08-30 11:28:36',4,4,'NON'),(1017,'Orphee','Yselene','Feminin','','+50944502590','','2019-08-30 11:28:46',4,4,'NON'),(1018,'Leusage','Jasline','Feminin','','+50949034340','Informaticien','2019-08-30 11:28:49',4,4,'NON'),(1019,'Pierre','Edriche','Feminin','','+50934756533','','2019-08-30 11:28:59',4,4,'NON'),(1020,'Saintilus','Magdala','Feminin','','+50936530766','','2019-08-30 11:29:20',4,4,'NON'),(1021,'Martine','Francois','Feminin','','+50936950740','Etudiante','2019-08-30 11:29:20',4,4,'NON'),(1022,'Eugiene','Olivier','Masculin','','+50932983836','','2019-08-30 11:29:36',4,4,'NON'),(1023,'Cesar','Jean Vincy','Masculin','','+50939495078','','2019-08-30 11:29:37',4,4,'NON'),(1024,'Louis','babysson','Masculin','','+50931659617','Info','2019-08-30 11:29:46',4,4,'NON'),(1025,'Mirlanda','Pierre','Feminin','','+50946217401','Etudiante','2019-08-30 11:30:00',4,4,'NON'),(1026,'Lima','Fabienne','Feminin','','+50944552411','','2019-08-30 11:30:14',4,4,'NON'),(1027,'Paul','Nalson','Masculin','','+50948506903','','2019-08-30 11:30:35',4,4,'NON'),(1028,'Policarpe','Ephraim','Masculin','','+50932496452','Informaticien','2019-08-30 11:31:02',4,4,'NON'),(1029,'Losier','Ralph Darkens','Masculin','','+50944291716','','2019-08-30 11:31:26',4,4,'NON'),(1030,'Breus','Youselande','Feminin','','+50941499004','','2019-08-30 11:32:07',4,4,'NON'),(1031,'Fils','Fadia','Feminin','','+50936433092','Ingenieur','2019-08-30 11:32:14',4,4,'NON'),(1032,'JoliBois','Samuel','Masculin','','+50932134809','','2019-08-30 11:32:35',4,4,'NON'),(1033,'Toussaint','Syliana','Feminin','','+50936198228','Etudiante','2019-08-30 11:32:43',4,4,'NON'),(1034,'Jean','Kens','Masculin','','+50937037820','','2019-08-30 11:32:51',4,4,'NON'),(1035,'Jean Baptist','Eugene','Masculin','','+50949074531','','2019-08-30 11:32:57',4,4,'NON'),(1036,'Noncent','Dieuné','Masculin','','+50947365896','Enseignant','2019-08-30 11:33:56',4,4,'NON'),(1037,'Claude','Light Maker','Masculin','','+50948479496','','2019-08-30 11:34:02',4,4,'NON'),(1038,'Garry','Welbert','Masculin','','+50948344801','','2019-08-30 11:34:25',4,4,'NON'),(1039,'Douchard','Lovely','Feminin','','+50944627609','','2019-08-30 11:34:35',4,4,'NON'),(1040,'Louis Jean','Elyse','Masculin','','+50948464701','','2019-08-30 11:35:33',4,4,'NON'),(1041,'Similien','St-Hilaire','Masculin','','+50931530837','Agronomme','2019-08-30 11:35:44',4,4,'NON'),(1042,'Duclair','Bill Georges','Masculin','','+50941887946','','2019-08-30 11:35:48',4,4,'NON'),(1043,'Dupre','Julbert','Masculin','','+50947043121','','2019-08-30 11:36:06',4,4,'NON'),(1044,'Maurice','nege','Masculin','','+50948047262','','2019-08-30 11:36:06',4,4,'NON'),(1045,'Jude','Sonel','Masculin','','+50937450589','Ingenieur','2019-08-30 11:36:28',4,4,'NON'),(1046,'Pierre','Ruchelle','Feminin','','+50940060581','','2019-08-30 11:36:29',4,4,'NON'),(1047,'Andre','Dieula','Feminin','','+50946985421','','2019-08-30 11:37:08',4,4,'NON'),(1048,'Joinssaint','Manouche','Feminin','','+50944784244','Infimiere','2019-08-30 11:37:09',4,4,'NON'),(1049,'Jean Pierre','Gaelle','Feminin','','+50944568021','','2019-08-30 11:37:11',4,4,'NON'),(1050,'Paul','Jean Berjolin','Masculin','','+50944573064','','2019-08-30 11:37:42',4,4,'NON'),(1051,'Marson','Dania','Feminin','','+50949204573','','2019-08-30 11:37:51',4,4,'NON'),(1052,'Emile','Etzer','Masculin','','+50937818530','','2019-08-30 11:37:57',4,4,'NON'),(1053,'Dery','Renaldo','Masculin','','+50948529164','','2019-08-30 11:38:53',4,4,'NON'),(1054,'Etienne','Marc Antroine','Masculin','','+50947159184','','2019-08-30 11:39:03',4,4,'NON'),(1055,'Malivert','Gamaniel','Masculin','','+50937750467','Ingenieur','2019-08-30 11:39:15',4,4,'NON'),(1056,'Sylvain','Beveline','Feminin','','+50944299392','','2019-08-30 11:39:36',4,4,'NON'),(1057,'Petion','Johnson','Masculin','','+50944902183','Administration','2019-08-30 11:39:53',4,4,'NON'),(1058,'Sanosier','Bronson','Masculin','','+50946058053','Sces Comptable','2019-08-30 11:40:08',4,4,'NON'),(1059,'Simon','Marcson','Masculin','','+50938509356','','2019-08-30 11:40:12',4,4,'NON'),(1060,'Emile','Lockenson','Masculin','','+50931367869','','2019-08-30 11:40:24',4,4,'NON'),(1061,'Pierre','Schnaidine','Feminin','','+50938385334','Secretaire','2019-08-30 11:40:55',4,4,'NON'),(1062,'Thelemarque','Berdude','Feminin','','+50944855263','','2019-08-30 11:41:05',4,4,'NON'),(1063,'Sainville','inderson','Masculin','','+50949174885','','2019-08-30 11:41:16',4,4,'NON'),(1064,'Cantave','Manuella','Feminin','','+50937236608','','2019-08-30 11:41:21',4,4,'NON'),(1065,'Charles','Maria Celestina','Feminin','','+50934948293','Secretaire','2019-08-30 11:41:31',4,4,'NON'),(1066,'Louissaint','Marie Coneptia','Feminin','','+50948384564','','2019-08-30 11:42:08',4,4,'NON'),(1067,'Mirtyl','Angelo Guy.c','Masculin','','+50931814408','','2019-08-30 11:42:40',4,4,'NON'),(1068,'Jean Baptiste','Mireille','Feminin','','+50944057401','Gestionnaire','2019-08-30 11:42:49',4,4,'NON'),(1069,'Philippe','Carl Henry','Masculin','','+50939402563','Genie Civil','2019-08-30 11:42:52',4,4,'NON'),(1070,'Dume','Sylvitha','Feminin','','+50944550779','','2019-08-30 11:43:24',4,4,'NON'),(1071,'Fabien','Farra','Feminin','','+50938697813','Comptable','2019-08-30 11:43:26',4,4,'NON'),(1072,'Joly','Bernose','Feminin','','+50931296387','','2019-08-30 11:43:59',4,4,'NON'),(1073,'Bobo','Christelle','Feminin','','+50941700579','','2019-08-30 11:43:59',4,4,'NON'),(1074,'Azor','JN Jean','Masculin','','+50944156535','Genie Civil','2019-08-30 11:44:00',4,4,'NON'),(1075,'Alexis','Ravelly Joslas S','Masculin','','+50934984532','','2019-08-30 11:44:20',4,4,'NON'),(1076,'Thomas','Jefferson','Masculin','','+50944404484','Administration','2019-08-30 11:44:28',4,4,'NON'),(1077,'Cesaire','Herode','Masculin','','+50948402260','','2019-08-30 11:44:40',4,4,'NON'),(1078,'Jeune','Jaunateuse','Feminin','','+50938899916','','2019-08-30 11:44:41',4,4,'NON'),(1079,'Gedne','Michelet','Masculin','','+50936464434','','2019-08-30 11:45:03',4,4,'NON'),(1080,'Catholin','Gerline','Feminin','','+50946961560','Infimiere','2019-08-30 11:45:12',4,4,'NON'),(1081,'Pierre','Jean onel','Masculin','','+50937340318','','2019-08-30 11:45:16',4,4,'NON'),(1082,'Louis Paul','Samantha','Feminin','','+50934105778','','2019-08-30 11:45:21',4,4,'NON'),(1083,'Edmond','kesline','Feminin','','+50946218358','','2019-08-30 11:45:25',4,4,'NON'),(1084,'Adne','Mardoche','Masculin','','+50944371897','','2019-08-30 11:45:39',4,4,'NON'),(1085,'Charles','Manerose','Feminin','','+50946286450','Administration','2019-08-30 11:45:52',4,4,'NON'),(1086,'Thelemac','Erlande','Feminin','','+50936688567','','2019-08-30 11:45:56',4,4,'NON'),(1087,'Shourika','Stessi Gustave','Feminin','','+50944934759','','2019-08-30 11:46:07',4,4,'NON'),(1088,'Verdieu','Maxonne','Masculin','','+50936007369','Administration','2019-08-30 11:46:21',4,4,'NON'),(1089,'Revoluste','Roodson','Masculin','','+50949334154','','2019-08-30 11:46:23',4,4,'NON'),(1090,'Thoussaint','Madjine','Feminin','','+50931299281','','2019-08-30 11:46:44',4,4,'NON'),(1091,'Louissin','Jean Elidieu','Masculin','','+50931717456','Ingeniueur','2019-08-30 11:47:05',4,4,'NON'),(1092,'Clausin','Rosebertha','Feminin','','+50934661722','','2019-08-30 11:47:08',4,4,'NON'),(1093,'Clausin','Synio','Masculin','','+50938070111','','2019-08-30 11:47:18',4,4,'NON'),(1094,'Charles','Junie','Feminin','','+50934673775','','2019-08-30 11:47:19',4,4,'NON'),(1095,'Delva','Fabiola','Feminin','','+50949408708','','2019-08-30 11:47:29',4,4,'NON'),(1096,'Constant','Marthe Phana','Feminin','','+50946511837','Comptable','2019-08-30 11:47:40',4,4,'NON'),(1097,'Mascary','Wilcades','Masculin','','+50934007952','','2019-08-30 11:48:03',4,4,'NON'),(1098,'Jean Paul','Robenson','Masculin','','+50948055055','','2019-08-30 11:48:03',4,4,'NON'),(1099,'brutus','Jerry','Masculin','','+50949125320','Administration','2019-08-30 11:48:17',4,4,'NON'),(1100,'Edison','Jocelin','Masculin','','+50944352668','','2019-08-30 11:48:47',4,4,'NON'),(1101,'Joseph','Davidson','Masculin','','+50934402567','','2019-08-30 11:48:48',4,4,'NON'),(1102,'Saint Fleurit','Mica','Feminin','','+50947401195','','2019-08-30 11:49:18',4,4,'NON'),(1103,'Durette','Kenson','Masculin','','+50936523727','','2019-08-30 11:49:22',4,4,'NON'),(1104,'Andreus','MONICA mARIANNE','Feminin','','+50949255589','','2019-08-30 11:49:59',4,4,'NON'),(1105,'Quedy','Ogniel','Masculin','','+50947186052','','2019-08-30 11:49:59',4,4,'NON'),(1106,'Niclas','Duliana','Feminin','','+50931715620','','2019-08-30 11:50:45',4,4,'NON'),(1107,'Louidor','Rodraldy','Masculin','','+50947190103','Etudiant','2019-08-30 11:51:16',4,4,'NON'),(1108,'Poulard','Stephania','Feminin','','+50931155278','','2019-08-30 11:51:16',4,4,'NON'),(1109,'jaen PIERRE','Cristine','Feminin','','+50943296987','Sces Comptable','2019-08-30 11:51:23',4,4,'NON'),(1110,'Jean','Jacson','Masculin','','+50938664599','','2019-08-30 11:51:30',4,4,'NON'),(1111,'Moniva','Luclise','Feminin','','+50949387090','','2019-08-30 11:51:40',4,4,'NON'),(1112,'Poulard','Marie Josee','Feminin','','+50937557156','','2019-08-30 11:51:57',4,4,'NON'),(1113,'Saint louis','Synthia','Feminin','','+50931995769','','2019-08-30 11:52:10',4,4,'NON'),(1114,'Florenvil','Serson','Masculin','','+50934836309','','2019-08-30 11:52:19',4,4,'NON'),(1115,'Beaujour','Assouly','Masculin','','+50941575960','Juridique','2019-08-30 11:52:26',4,4,'NON'),(1116,'Lima','Christella','Feminin','','+50949091575','','2019-08-30 11:53:07',4,4,'NON'),(1117,'Andreus','Marie Andre','Feminin','','+50938897786','','2019-08-30 11:53:29',4,4,'NON'),(1118,'Alerte','Sophia','Feminin','','+50948075657','','2019-08-30 11:53:40',4,4,'NON'),(1119,'Taniclas','Wiskens','Masculin','','+50943889102','','2019-08-30 11:53:43',4,4,'NON'),(1120,'Lartigue','John Peter','Masculin','','+50937630781','Ingenieur','2019-08-30 11:53:56',4,4,'NON'),(1121,'Fene','Renald','Masculin','','+50946307387','','2019-08-30 11:54:07',4,4,'NON'),(1122,'Philippe','Fara','Feminin','','+50934194215','','2019-08-30 11:54:32',4,4,'NON'),(1123,'Orestal','Fabrice','Masculin','','+50949405718','','2019-08-30 11:54:38',4,4,'NON'),(1124,'Michel','Kesney','Masculin','','+50944366238','','2019-08-30 11:54:43',4,4,'NON'),(1125,'Laureme','Wilson','Masculin','','+50938038341','','2019-08-30 11:55:09',4,4,'NON'),(1126,'Exantus','Love Myrtha','Feminin','','+50943236279','Ingenieur','2019-08-30 11:55:19',4,4,'NON'),(1127,'Canis','Amorice','Masculin','','+50933414762','','2019-08-30 11:55:38',4,4,'NON'),(1128,'Marc','Ysemona','Feminin','','+50941513607','','2019-08-30 11:55:51',4,4,'NON'),(1129,'Dorvil','erns','Masculin','','+50933526610','','2019-08-30 11:56:01',4,4,'NON'),(1130,'Thomas','Gemime','Feminin','','+50932190436','Agronomme','2019-08-30 11:56:08',4,4,'NON'),(1131,'Voltaire','Wilder','Masculin','','+50936768364','','2019-08-30 11:56:11',4,4,'NON'),(1132,'Lozema','Enior','Masculin','','+50932870464','','2019-08-30 11:56:27',4,4,'NON'),(1133,'Jean LOUIS','Givenson','Masculin','','+50932743831','Agronomie','2019-08-30 11:56:33',4,4,'NON'),(1134,'Hyacinthe','Micheline','Feminin','','+50944437915','','2019-08-30 11:56:45',4,4,'NON'),(1135,'Phaton','Fednel','Masculin','','+50933323502','Agronomme','2019-08-30 11:56:46',4,4,'NON'),(1136,'Saintilus','Wius','Masculin','','+50937078539','','2019-08-30 11:56:50',4,4,'NON'),(1137,'Mathurin','Christelle','Feminin','','+50944508105','','2019-08-30 11:57:09',4,4,'NON'),(1138,'Elyse','Widline','Feminin','','+50944901378','','2019-08-30 11:57:27',4,4,'NON'),(1139,'Valsin','Luccene','Masculin','','+50934770167','Agronomie','2019-08-30 11:57:28',4,4,'NON'),(1140,'Faustin','Nevittscheen','Feminin','','+50940115239','','2019-08-30 11:57:36',4,4,'NON'),(1141,'Lugens','Lexandre','Masculin','','+50948316828','','2019-08-30 11:57:40',4,4,'NON'),(1142,'Belhomme','Wedner','Masculin','','+50942295168','Agronomme','2019-08-30 11:57:49',4,4,'NON'),(1143,'Duvercy','Witchy','Masculin','','+50931286617','','2019-08-30 11:58:26',4,4,'NON'),(1144,'Simeon','Renelson Junior','Masculin','','+50947474737','','2019-08-30 11:58:42',4,4,'NON'),(1145,'Moise','Minos','Masculin','','+50940205084','','2019-08-30 11:58:50',4,4,'NON'),(1146,'Francois','Steevenson','Masculin','','+50949210378','','2019-08-30 11:59:12',4,4,'NON'),(1147,'Joseph','Emmanuel','Masculin','','+50949238117','Etudiant','2019-08-30 11:59:13',4,4,'NON'),(1148,'Auguste','lovelie','Feminin','','+50940166327','','2019-08-30 11:59:52',4,4,'NON'),(1149,'Termitus','Guens','Masculin','','+50938187166','','2019-08-30 12:00:07',4,4,'NON'),(1150,'Andre','Bedy','Masculin','','+50937741494','','2019-08-30 12:00:16',4,4,'NON'),(1151,'Lamy','Witson','Masculin','','+50934198914','Ingenieur','2019-08-30 12:00:18',4,4,'NON'),(1152,'Andre','Antz Peter','Masculin','','+50936332724','invite','2019-08-30 12:00:23',4,4,'NON'),(1153,'Loriston','Samsen','Masculin','','+50938824914','Genie Civil','2019-08-30 12:00:51',4,4,'NON'),(1154,'Simeon','Jenny Helles','Feminin','','+50949130040','Administration','2019-08-30 12:01:15',4,4,'NON'),(1155,'Eliassaint','Jean Marc','Masculin','','+50944740779','','2019-08-30 12:01:28',4,4,'NON'),(1156,'Sylne','Emilie','Feminin','','+50946031452','','2019-08-30 12:01:52',4,4,'NON'),(1157,'Alexandre','Ruttlene','Feminin','','+50946356545','','2019-08-30 12:01:54',4,4,'NON'),(1158,'Sibile','Anne','Feminin','','+50949273790','Informaticien','2019-08-30 12:01:57',4,4,'NON'),(1159,'St Fleur','Yvres','Masculin','','+50943313477','','2019-08-30 12:02:00',4,4,'NON'),(1160,'Charles','Rose Andre','Feminin','','+50938441536','','2019-08-30 12:02:09',4,4,'NON'),(1161,'Francois','Maclee','Masculin','','+50934365838','','2019-08-30 12:02:35',4,4,'NON'),(1162,'Casimir','Youseline','Feminin','','+50932855721','Sces Comptable','2019-08-30 12:02:46',4,4,'NON'),(1163,'Jean','John Peter','Masculin','','+50947850433','Enseignant','2019-08-30 12:02:52',4,4,'NON'),(1164,'Leconte','Booz Phares','Masculin','','+50931573129','','2019-08-30 12:02:53',4,4,'NON'),(1165,'Joseph','Sophia','Feminin','','+50943365122','Hotelliere','2019-08-30 12:03:47',4,4,'NON'),(1166,'Lalane','Jamesley','Masculin','','+50938410440','','2019-08-30 12:03:55',4,4,'NON'),(1167,'Pierre','Jeflie','Feminin','','+50948411675','Infimiere','2019-08-30 12:04:06',4,4,'NON'),(1168,'Toussaint','Ricardo','Masculin','','+50933616222','Administration','2019-08-30 12:04:15',4,4,'NON'),(1169,'Jean','Esperance','Masculin','','+50936344436','','2019-08-30 12:04:22',4,4,'NON'),(1170,'Louis','Mackendy','Masculin','','+50949235905','','2019-08-30 12:04:28',4,4,'NON'),(1171,'Monbrun','Stanley','Masculin','','+50949100318','informaticien','2019-08-30 12:04:47',4,4,'NON'),(1172,'Thelusma','Jamesky','Masculin','','+50932981235','','2019-08-30 12:05:04',4,4,'NON'),(1173,'Nicolas','Jean Fritz','Masculin','','+50946224752','','2019-08-30 12:05:07',4,4,'NON'),(1174,'Thelemarque','Roselene','Feminin','','+50939921662','','2019-08-30 12:05:11',4,4,'NON'),(1175,'Janvier','Richard Jean Duberson','Masculin','','+50948191227','','2019-08-30 12:05:48',4,4,'NON'),(1176,'Jean Dony','Bernard','Masculin','','+50948765552','','2019-08-30 12:06:11',4,4,'NON'),(1177,'Denis','Landie','Feminin','','+50938125360','','2019-08-30 12:06:12',4,4,'NON'),(1178,'Remis','Marie Guerline','Feminin','','+50937424967','','2019-08-30 12:06:27',4,4,'NON'),(1179,'Simon','Vladimir','Masculin','','+50949079700','','2019-08-30 12:06:47',4,4,'NON'),(1180,'Lensy','Kysy','Masculin','','+50937124648','','2019-08-30 12:07:20',4,4,'NON'),(1181,'Fortus','Luck','Masculin','','+50947408232','','2019-08-30 12:07:29',4,4,'NON'),(1182,'Verinord','Nathalie','Feminin','','+50943363670','','2019-08-30 12:08:19',4,4,'NON'),(1183,'Predevil','Nadine','Feminin','','+50933590575','','2019-08-30 12:09:02',4,4,'NON'),(1184,'Sanon','Jorbine Blookington','Feminin','','+50944104480','','2019-08-30 12:09:09',4,4,'NON'),(1185,'Bredy','Roseline','Feminin','','+50948171650','Secretaire','2019-08-30 12:09:20',4,4,'NON'),(1186,'Presty','Cherline','Feminin','','+50949219416','Sces Comptable','2019-08-30 12:09:37',4,4,'NON'),(1187,'Mozard','Jonas','Masculin','','+50931298143','','2019-08-30 12:09:49',4,4,'NON'),(1188,'Rislin','Pirreline','Feminin','','+50948276912','Medcin','2019-08-30 12:10:17',4,4,'NON'),(1189,'Thomas','Richekard','Masculin','','+50948025865','','2019-08-30 12:10:22',4,4,'NON'),(1190,'Felix','Judith','Feminin','','+50939381027','','2019-08-30 12:10:23',4,4,'NON'),(1191,'Vital','Farah','Feminin','','+50946002752','Etudiante','2019-08-30 12:10:42',4,4,'NON'),(1192,'Dimanche','Anne Saida Nerva','Feminin','','+50937286813','','2019-08-30 12:10:50',4,4,'NON'),(1193,'Montina','Eudelene','Feminin','','+50944897868','','2019-08-30 12:10:54',4,4,'NON'),(1194,'Destin','Melisa','Feminin','','+50940757292','','2019-08-30 12:11:08',4,4,'NON'),(1195,'Eugene','Jacob','Masculin','','+50947708723','Genie Civil','2019-08-30 12:11:24',4,4,'NON'),(1196,'Milien','Carline','Feminin','','+50938749209','','2019-08-30 12:11:44',4,4,'NON'),(1197,'Jacques','Mariantha','Feminin','','+50938425113','Chimiste','2019-08-30 12:11:48',4,4,'NON'),(1198,'Romilus','Jores','Masculin','','+50946039975','','2019-08-30 12:12:01',4,4,'NON'),(1199,'Bien aime','Tardy','Feminin','','+50947035598','','2019-08-30 12:12:15',4,4,'NON'),(1200,'Chery','Guerdine Edroird','Feminin','','+50949216547','','2019-08-30 12:12:16',4,4,'NON'),(1201,'Champagne','Jimmy','Masculin','','+50944545145','Ingenieur','2019-08-30 12:12:24',4,4,'NON'),(1202,'Goubotte','Phaby','Masculin','','+50938497048','Genie Civil','2019-08-30 12:12:29',4,4,'NON'),(1203,'Delsoin','Medjine','Feminin','','+50948335114','','2019-08-30 12:12:36',4,4,'NON'),(1204,'Petit Homme','Juna','Feminin','','+50936664233','','2019-08-30 12:13:08',4,4,'NON'),(1205,'Guerrier','Gladys Dit Nanade','Feminin','','+50937680311','Administration','2019-08-30 12:13:40',4,4,'NON'),(1206,'Donald','Derozier','Masculin','','+50936933010','Genie Civil','2019-08-30 12:13:53',4,4,'NON'),(1207,'Poustin','Josie','Feminin','','+50937127324','','2019-08-30 12:14:01',4,4,'NON'),(1208,'Verdieu','Stephano','Masculin','','+50946839736','','2019-08-30 12:14:03',4,4,'NON'),(1209,'Borgella','Steeve','Masculin','','+50937608826','Ingenieur','2019-08-30 12:14:19',4,4,'NON'),(1210,'Francois','Reginald','Masculin','','+50940477605','','2019-08-30 12:14:20',4,4,'NON'),(1211,'Jederon','Max Fednais','Masculin','','+50944336090','Genie Civil','2019-08-30 12:15:05',4,4,'NON'),(1212,'Badio','Jean Renaud','Masculin','','+50937437232','Ingenieur','2019-08-30 12:15:08',4,4,'NON'),(1213,'Lima','Fezazzecia','Feminin','','+50948227435','','2019-08-30 12:15:09',4,4,'NON'),(1214,'Lorremon','Peterson','Masculin','','+50938404051','','2019-08-30 12:15:11',4,4,'NON'),(1215,'Guillaume','Twessy','Feminin','','+50947435126','','2019-08-30 12:15:23',4,4,'NON'),(1216,'Jean','David','Masculin','','+50946081912','','2019-08-30 12:15:48',4,4,'NON'),(1217,'Fleurijean','Erve','Masculin','','+50934015603','','2019-08-30 12:16:43',4,4,'NON'),(1218,'Francois','Alexandra','Feminin','','+50948130519','','2019-08-30 12:17:18',4,4,'NON'),(1219,'Cadet','Wesline','Masculin','','+50947568212','Administration','2019-08-30 12:17:24',4,4,'NON'),(1220,'Ulisse','Vanessa','Feminin','','+50938364024','','2019-08-30 12:17:48',4,4,'NON'),(1221,'Leonel','Jean','Masculin','','+50931197230','','2019-08-30 12:17:53',4,4,'NON'),(1222,'Jean Joel','Gelin','Masculin','','+50947903340','Ingenieur','2019-08-30 12:18:08',4,4,'NON'),(1223,'Henry','Wesley','Masculin','','+50942321189','ingenieur','2019-08-30 12:18:21',4,4,'NON'),(1224,'Resignac','Dervens Gave','Masculin','','+50936725733','','2019-08-30 12:18:38',4,4,'NON'),(1225,'Lamisere','Orlnise','Feminin','','+50947181715','','2019-08-30 12:18:49',4,4,'NON'),(1226,'Jeune louis','Souniatsen','Masculin','','+50946211627','Genie Civil','2019-08-30 12:18:50',4,4,'NON'),(1227,'Macius','Sai-la','Feminin','','+50943341272','','2019-08-30 12:19:04',4,4,'NON'),(1228,'Aristile','Danouse','Feminin','','+50936354163','','2019-08-30 12:19:09',4,4,'NON'),(1229,'Mexile','Salendjie','Feminin','','+50944771700','Administration','2019-08-30 12:19:16',4,4,'NON'),(1230,'Bodinois','Esdras','Masculin','','+50931814064','','2019-08-30 12:19:40',4,4,'NON'),(1231,'Xavier','Marie Yousny','Feminin','','+50947722312','','2019-08-30 12:19:46',4,4,'NON'),(1232,'Valeus','Peterson','Masculin','','+50939156418','Gestion','2019-08-30 12:20:00',4,4,'NON'),(1233,'Jean Baptiste','Andiana','Feminin','','+50946396454','Infimiere','2019-08-30 12:20:01',4,4,'NON'),(1234,'Elmier','Gertrude','Feminin','','+50947368027','','2019-08-30 12:20:22',4,4,'NON'),(1235,'Jedeone','Claudia','Feminin','','+50948538910','','2019-08-30 12:20:25',4,4,'NON'),(1236,'Luckny','Malvoisil','Feminin','','+50933205439','Medcin','2019-08-30 12:21:07',4,4,'NON'),(1237,'Dufraine','Kethiana','Feminin','','+50944580234','','2019-08-30 12:21:38',4,4,'NON'),(1238,'Micksaint','Archelus','Masculin','','+50946987727','','2019-08-30 12:22:41',4,4,'NON'),(1239,'Prenard','ludia','Feminin','','+50944456981','Administration','2019-08-30 12:22:43',4,4,'NON'),(1240,'Wildanie','Parvilus','Feminin','','+50948064356','','2019-08-30 12:23:17',4,4,'NON'),(1241,'Desert','Snervalle','Feminin','','+50940114808','Sces Education','2019-08-30 12:23:46',4,4,'NON'),(1242,'Michel','Stephline','Feminin','','+50934324296','','2019-08-30 12:24:15',4,4,'NON'),(1243,'Clocy','Jositha','Feminin','','+50944568897','','2019-08-30 12:24:55',4,4,'NON'),(1244,'Constant Gilles','Jude','Masculin','','+50936738899','Agronomie','2019-08-30 12:25:06',4,4,'NON'),(1245,'Dormeus','Mirlardie','Feminin','','+50936337477','','2019-08-30 12:25:11',4,4,'NON'),(1246,'Lubin','Bergeline','Feminin','','+50948479580','','2019-08-30 12:26:04',4,4,'NON'),(1247,'Vilson','Yvenson','Masculin','','+50934314802','','2019-08-30 12:26:18',4,4,'NON'),(1248,'Hilaire','Sonise','Feminin','','+50943891807','','2019-08-30 12:26:24',4,4,'NON'),(1249,'Pierre','Dieui','Masculin','','+50942837740','Agronomie','2019-08-30 12:26:24',4,4,'NON'),(1250,'Laguerre','Shelcie','Feminin','','+50944820221','','2019-08-30 12:26:47',4,4,'NON'),(1251,'Jean louis','Junior','Masculin','','+50936005776','','2019-08-30 12:27:42',4,4,'NON'),(1252,'Vilmé','Emmanuel','Masculin','','+50936503744','Ingenieur','2019-08-30 12:27:57',4,4,'NON'),(1253,'Virgile','Rolande','Feminin','','+50942240314','','2019-08-30 12:28:15',4,4,'NON'),(1254,'Etienne','Manchiny','Masculin','','+50946226675','','2019-08-30 12:28:26',4,4,'NON'),(1255,'Omele','Yvens','Masculin','','+50937986533','','2019-08-30 12:29:11',4,4,'NON'),(1256,'Dorange','Emmanuel','Masculin','','+50939306726','','2019-08-30 12:30:05',4,4,'NON'),(1257,'Sylvestre','Fernande','Feminin','','+50944835674','Gestionnaire','2019-08-30 12:30:05',4,4,'NON'),(1258,'Jean Louis','Wisner','Masculin','','+50939379149','','2019-08-30 12:30:35',4,4,'NON'),(1259,'Jean','Junise','Feminin','','+50934697816','Gestionnaire','2019-08-30 12:30:48',4,4,'NON'),(1260,'Cardeus','Claudine','Feminin','','+50949363991','','2019-08-30 12:31:11',4,4,'NON'),(1261,'Remy','Guerson Ley','Masculin','','+50948551525','Informaticien','2019-08-30 12:31:52',4,4,'NON'),(1262,'Pierre','Gutemberg','Masculin','','+50947060124','','2019-08-30 12:31:53',4,4,'NON'),(1263,'Joassaint','Angenica','Feminin','','+50946855079','','2019-08-30 12:32:31',4,4,'NON'),(1264,'Baptiste','Petrice','Masculin','','+50934355075','Proffeseur','2019-08-30 12:32:34',4,4,'NON'),(1265,'Jeudy','Liza','Feminin','','+50938764875','Administration','2019-08-30 12:34:34',4,4,'NON'),(1266,'Ixamat','Saint Luc','Masculin','','+50948807826','','2019-08-30 12:34:37',4,4,'NON'),(1267,'Bruno','John Firstsy','Masculin','','+50931296285','','2019-08-30 12:35:09',4,4,'NON'),(1268,'Nestore','Alta-Bergenty','Feminin','','+50937012039','Hotellerie','2019-08-30 12:35:48',4,4,'NON'),(1269,'Phatal','Gina','Feminin','','+50938303381','Hotellerie','2019-08-30 12:36:31',4,4,'NON'),(1270,'Hermilus','Francesse','Feminin','','+50944886278','Infimiere','2019-08-30 12:37:14',4,4,'NON'),(1271,'Jacques','Son Peter Cherakov','Masculin','','+50937040045','','2019-08-30 12:37:19',4,4,'NON'),(1272,'Riviere','Patrick','Masculin','','+50949152676','','2019-08-30 12:38:25',4,4,'NON'),(1273,'Cadesty','Canaica','Feminin','','+50937510127','','2019-08-30 12:38:56',4,4,'NON'),(1274,'Jean Baptiste','Norcy','Masculin','','+50946434620','Ingenieur','2019-08-30 12:39:06',4,4,'NON'),(1275,'Massie','Anderson','Masculin','','+50938295583','','2019-08-30 12:40:01',4,4,'NON'),(1276,'Royale','Roberline','Feminin','','+50947493890','Administration','2019-08-30 12:40:48',4,4,'NON'),(1277,'Paul','Mathely','Masculin','','+50947655900','','2019-08-30 12:40:50',4,4,'NON'),(1278,'Massena','Jameson','Masculin','','+50949016796','','2019-08-30 12:40:57',4,4,'NON'),(1279,'Pierre','Lourdmia','Feminin','','+50944832834','','2019-08-30 12:41:19',4,4,'NON'),(1280,'Dajuste','Butchley','Masculin','','+50949331735','','2019-08-30 12:41:48',4,4,'NON'),(1281,'Desire','James','Masculin','','+50948620013','Education','2019-08-30 12:42:05',4,4,'NON'),(1282,'Bijou','Joseph Nathanael','Masculin','','+50946813121','','2019-08-30 12:42:13',4,4,'NON'),(1283,'Doret','nicaise','Feminin','','+50938109465','','2019-08-30 12:42:20',4,4,'NON'),(1284,'Jean-Vil','Jean Martin','Masculin','','+50948304547','','2019-08-30 12:42:22',4,4,'NON'),(1285,'Dorcely','Jullie','Feminin','','+50949286997','','2019-08-30 12:42:40',4,4,'NON'),(1286,'Ismael','Valbrum','Masculin','','+50938481098','','2019-08-30 12:42:47',4,4,'NON'),(1287,'Lubin','Genise','Feminin','','+50944686670','','2019-08-30 12:43:02',4,4,'NON'),(1288,'Charles Marc','Louivenel','Masculin','','+50944259013','','2019-08-30 12:43:31',4,4,'NON'),(1289,'Joseph','Dieunide','Feminin','','+50944889515','','2019-08-30 12:47:17',4,4,'NON'),(1290,'JOSEPH','Sarah Elodie','Feminin','','+50936621955','','2019-08-30 12:47:49',4,4,'NON'),(1291,'Cadet','Widerline','Feminin','','+50931858902','','2019-08-30 12:48:10',4,4,'NON'),(1292,'Augustin','Stephanie','Feminin','','+50938558789','GEstionnaire','2019-08-30 12:48:12',4,4,'NON'),(1293,'Garraud','Julie','Feminin','','+50937872993','','2019-08-30 12:48:18',4,4,'NON'),(1294,'Dieujuste','Wolf Desline','Feminin','','+50937811309','','2019-08-30 12:48:22',4,4,'NON'),(1295,'Douce','Jimmy','Masculin','','+50931282896','','2019-08-30 12:48:24',4,4,'NON'),(1296,'ST vil','Ester','Feminin','','+50931445594','','2019-08-30 12:48:56',4,4,'NON'),(1297,'Charles','Nickson','Masculin','','+50936025780','','2019-08-30 12:48:57',4,4,'NON'),(1298,'Bernot','Alixon','Masculin','','+50934238934','','2019-08-30 12:48:58',4,4,'NON'),(1299,'Tata','Ramoncite','Masculin','','+50949045893','','2019-08-30 12:48:59',4,4,'NON'),(1300,'Barron','Kevens','Masculin','','+50948542925','Comptable','2019-08-30 12:49:07',4,4,'NON'),(1301,'Bellune','James','Masculin','','+50931869403','','2019-08-30 12:49:32',4,4,'NON'),(1302,'Denis','Peterson','Masculin','','+50931909658','','2019-08-30 12:49:39',4,4,'NON'),(1303,'Claisil','Rhode Streisa','Feminin','','+50935168582','','2019-08-30 12:49:58',4,4,'NON'),(1304,'Derozier','Maurisca','Masculin','','+50944747559','','2019-08-30 12:49:58',4,4,'NON'),(1305,'Dumont','Myrlis','Masculin','','+50948123277','','2019-08-30 12:50:11',4,4,'NON'),(1306,'Senatus','Rodrigue','Masculin','','+50936677547','','2019-08-30 12:50:32',4,4,'NON'),(1307,'Romelus','Lafa','Masculin','','+50944842876','','2019-08-30 12:50:48',4,4,'NON'),(1308,'Alexandre','Marie Myrline','Feminin','','+50949351379','','2019-08-30 12:50:54',4,4,'NON'),(1309,'Dossous','Susena','Feminin','','+50947114875','','2019-08-30 12:50:57',4,4,'NON'),(1310,'VALBRUN','Schneigine Ruben','Feminin','','+50944137519','Comptable','2019-08-30 12:51:09',4,4,'NON'),(1311,'Sejour','Martine','Feminin','','+50931511589','','2019-08-30 12:51:27',4,4,'NON'),(1312,'Sejour','Betchina','Feminin','','+50934190653','','2019-08-30 12:51:30',4,4,'NON'),(1313,'Louis','Mifleur','Masculin','','+50933742843','','2019-08-30 12:51:40',4,4,'NON'),(1314,'Alcius','Ritchy','Feminin','','+50944291516','Cpmtable','2019-08-30 12:51:55',4,4,'NON'),(1315,'JOSEPH','Johnny USD','Masculin','','+50931293269','','2019-08-30 12:51:57',4,4,'NON'),(1316,'Cemeus','Withson','Masculin','','+50934493365','','2019-08-30 12:52:16',4,4,'NON'),(1317,'FERGISTE','Remy','Masculin','','+50947535962','','2019-08-30 12:52:28',4,4,'NON'),(1318,'Merty','Jerry','Masculin','','+50938071640','Informaticien','2019-08-30 12:52:50',4,4,'NON'),(1319,'Denis','Richarly','Masculin','','+50948692379','','2019-08-30 12:53:12',4,4,'NON'),(1320,'Remogene','Linda','Feminin','','+50942425583','','2019-08-30 12:53:28',4,4,'NON'),(1321,'Italien','Jennifer','Feminin','','+50946158176','','2019-08-30 12:53:34',4,4,'NON'),(1322,'Daverne','Sophia Stephanie','Feminin','','+50939354151','','2019-08-30 12:53:37',4,4,'NON'),(1323,'Seraphin','Nephtale','Feminin','','+50938242926','','2019-08-30 12:53:39',4,4,'NON'),(1324,'Julien','Vedette','Feminin','','+50931013270','Administration','2019-08-30 12:53:49',4,4,'NON'),(1325,'Jolen','Roseberline','Feminin','','+50948161938','Administration','2019-08-30 12:53:59',4,4,'NON'),(1326,'Dorfeuille','Sara','Feminin','','+50936321933','','2019-08-30 12:54:21',4,4,'NON'),(1327,'Tilien','Florencia','Feminin','','+50944370214','','2019-08-30 12:54:22',4,4,'NON'),(1328,'Nitchelle','Sanon','Feminin','','+50931532174','Sces Comptable','2019-08-30 12:55:09',4,4,'NON'),(1329,'Victor','Saminta','Feminin','','+50944505677','','2019-08-30 12:55:10',4,4,'NON'),(1330,'Myrtil','Toolens Mackenley','Masculin','','+50939279209','','2019-08-30 12:55:17',4,4,'NON'),(1331,'Clairevil','Wilklendia','Feminin','','+50947220620','','2019-08-30 12:55:35',4,4,'NON'),(1332,'Augustin','Yverose','Feminin','','+50949185509','Administration','2019-08-30 12:55:48',4,4,'NON'),(1333,'Royale','Melissa','Feminin','','+50944584591','','2019-08-30 12:55:51',4,4,'NON'),(1334,'Souffy','Youmide','Feminin','','+50944451593','','2019-08-30 12:56:01',4,4,'NON'),(1335,'Douce','Kerbyson','Masculin','','+50938882090','','2019-08-30 12:56:44',4,4,'NON'),(1336,'Neus','Rubens','Masculin','','+50949155641','Administration','2019-08-30 12:56:52',4,4,'NON'),(1337,'Fils-Aime','Louna','Feminin','','+50944977833','','2019-08-30 12:56:56',4,4,'NON'),(1338,'Silien','Renel','Masculin','','+50938870447','','2019-08-30 12:57:19',4,4,'NON'),(1339,'Dieudonnee','Fabiola','Feminin','','+50946912137','','2019-08-30 12:57:24',4,4,'NON'),(1340,'D\\\'Haiti','Farah','Feminin','','+50942561476','','2019-08-30 12:57:38',4,4,'NON'),(1341,'Paul','Josue','Masculin','','+50947823865','','2019-08-30 12:57:50',4,4,'NON'),(1342,'Fortulien','Faniel','Masculin','','+50949322791','','2019-08-30 12:58:07',4,4,'NON'),(1343,'DESIR','Michel Ange','Feminin','','+50931931857','','2019-08-30 12:58:30',4,4,'NON'),(1344,'Escarmant','Lourdina','Feminin','','+50947490543','','2019-08-30 12:59:03',4,4,'NON'),(1345,'Francois','Berenice','Feminin','','+50948873550','','2019-08-30 12:59:29',4,4,'NON'),(1346,'Francois','Samenta','Feminin','','+50944677396','Bioliogie','2019-08-30 12:59:38',4,4,'NON'),(1347,'Simeon','Bandine','Feminin','','+50939031395','','2019-08-30 13:00:03',4,4,'NON'),(1348,'Mervilus','Letancia','Feminin','','+50931822401','','2019-08-30 13:00:13',4,4,'NON'),(1349,'Francois','Thamara','Feminin','','+50948584970','','2019-08-30 13:00:39',4,4,'NON'),(1350,'Martin','Martin','Masculin','','+50936686870','','2019-08-30 13:01:21',4,4,'NON'),(1351,'Vilcey','Rudolphe','Masculin','','+50936488314','','2019-08-30 13:02:13',4,4,'NON'),(1352,'Delia','Phara','Feminin','','+50948497934','','2019-08-30 13:02:50',4,4,'NON'),(1353,'Veneus','Naica','Feminin','','+50931343894','','2019-08-30 13:02:50',4,4,'NON'),(1354,'Jean Noel','Woudline','Feminin','','+50939359110','','2019-08-30 13:02:57',4,4,'NON'),(1355,'Michel','Fednes','Masculin','','+50947602253','','2019-08-30 13:03:19',4,4,'NON'),(1356,'Pageotte','Darline','Feminin','','+50940304427','Administration','2019-08-30 13:03:26',4,4,'NON'),(1357,'Guillaume','Charline','Feminin','','+50937670847','','2019-08-30 13:03:31',4,4,'NON'),(1358,'Cenatus','Woodeley','Masculin','','+50936489530','','2019-08-30 13:04:23',4,4,'NON'),(1359,'Dure','Daniel','Feminin','','+50944519545','','2019-08-30 13:04:46',4,4,'NON'),(1360,'Jean Pierre','Islande','Feminin','','+50931846140','','2019-08-30 13:04:47',4,4,'NON'),(1361,'Desius','Marc Kerry','Masculin','','+50938931110','Informaticien','2019-08-30 13:04:51',4,4,'NON'),(1362,'St-Juste','Francois','Masculin','','+50949105524','','2019-08-30 13:05:03',4,4,'NON'),(1363,'Mutial','Jemsly','Masculin','','+50944744773','','2019-08-30 13:05:29',4,4,'NON'),(1364,'Jean Juste','James','Masculin','','+50934603331','','2019-08-30 13:05:40',4,4,'NON'),(1365,'Polestin','Polise','Feminin','','+50932636161','','2019-08-30 13:05:49',4,4,'NON'),(1366,'Bricelin','Stanley','Masculin','','+50931500075','','2019-08-30 13:05:52',4,4,'NON'),(1367,'Rosilus','Gael','Feminin','','+50944818980','','2019-08-30 13:05:54',4,4,'NON'),(1368,'Simon','Venise','Feminin','','+50939947119','','2019-08-30 13:06:13',4,4,'NON'),(1369,'Jean Richy','Stanley','Masculin','','+50939223354','','2019-08-30 13:06:25',4,4,'NON'),(1370,'Fils','Samantha','Feminin','','+50949292957','','2019-08-30 13:06:26',4,4,'NON'),(1371,'Mogene','Stevenson','Masculin','','+50946092393','','2019-08-30 13:06:45',4,4,'NON'),(1372,'Joseph','Naica','Feminin','','+50944256365','','2019-08-30 13:06:54',4,4,'NON'),(1373,'Desir','Jean Jovenky','Masculin','','+50939397406','','2019-08-30 13:07:08',4,4,'NON'),(1374,'Decossard','Carl-Alain','Masculin','','+50948318016','','2019-08-30 13:07:17',4,4,'NON'),(1375,'Georgia','Casandra','Feminin','','+50947427972','','2019-08-30 13:07:24',4,4,'NON'),(1376,'Mogene','Pierre Richard','Masculin','','+50948417515','','2019-08-30 13:07:31',4,4,'NON'),(1377,'Cineus','Josue','Masculin','','+50947129076','Informaticien','2019-08-30 13:07:44',4,4,'NON'),(1378,'Fravien','Gertha','Feminin','','+50944820984','','2019-08-30 13:07:46',4,4,'NON'),(1379,'Antoine','Elise','Feminin','','+50936129552','','2019-08-30 13:08:19',4,4,'NON'),(1380,'Louis','Jacky','Masculin','','+50947587599','','2019-08-30 13:08:20',4,4,'NON'),(1381,'Berlus','Isaac','Masculin','','+50936298514','Sces Education','2019-08-30 13:08:22',4,4,'NON'),(1382,'Simon','Elie','Masculin','','+50938843740','','2019-08-30 13:08:37',4,4,'NON'),(1383,'Destine','Watsogn','Masculin','','+50944906313','','2019-08-30 13:08:56',4,4,'NON'),(1384,'ZEPHyRIN','Jean Richard','Masculin','','+50937282339','','2019-08-30 13:09:11',4,4,'NON'),(1385,'Dasne','Amanette','Feminin','','+50934299313','Sacretariat','2019-08-30 13:09:13',4,4,'NON'),(1386,'Casimir','Emmanuel','Masculin','','+50948436524','','2019-08-30 13:09:35',4,4,'NON'),(1387,'Sabin','Samuel','Masculin','','+50946056284','','2019-08-30 13:09:51',4,4,'NON'),(1388,'JEAN PIERRE','Fritz','Masculin','','+50936575504','','2019-08-30 13:09:53',4,4,'NON'),(1389,'Chevry','Mithchelle','Feminin','','+50931514715','','2019-08-30 13:09:54',4,4,'NON'),(1390,'Antoine','Robenson','Masculin','','+50941647197','','2019-08-30 13:10:21',4,4,'NON'),(1391,'Joseph','Wigenson','Masculin','','+50948621966','Informaticien','2019-08-30 13:10:30',4,4,'NON'),(1392,'Frere','Yva','Feminin','','+50933369831','','2019-08-30 13:10:39',4,4,'NON'),(1393,'Poulard','Marie Ivania','Feminin','','+50931155551','','2019-08-30 13:10:39',4,4,'NON'),(1394,'Lundi','Polette','Feminin','','+50943549573','Sces Informatiques','2019-08-30 13:10:44',4,4,'NON'),(1395,'Lundy','Kelly Richardson','Masculin','','+50934864842','','2019-08-30 13:10:56',4,4,'NON'),(1396,'Valentin','Kewensa','Feminin','','+50938330213','Infirmiere','2019-08-30 13:11:15',4,4,'NON'),(1397,'Charlot','Stevenson','Masculin','','+50947322226','','2019-08-30 13:11:24',4,4,'NON'),(1398,'Castor','Kimberly','Feminin','','+50949082538','','2019-08-30 13:11:44',4,4,'NON'),(1399,'Cadet','Bebyto','Masculin','','+50949392770','','2019-08-30 13:12:21',4,4,'NON'),(1400,'Domon','Davidson','Masculin','','+50938539850','Administration','2019-08-30 13:12:23',4,4,'NON'),(1401,'Alcinard','Florcie','Feminin','','+50936101866','','2019-08-30 13:12:27',4,4,'NON'),(1402,'Piere','Fleurant','Masculin','','+50936214062','','2019-08-30 13:12:57',4,4,'NON'),(1403,'Antoine','Sandlen','Masculin','','+50939121698','','2019-08-30 13:13:11',4,4,'NON'),(1404,'Lora','yveline','Feminin','','+50938733289','Sces Comptable','2019-08-30 13:13:18',4,4,'NON'),(1405,'Voltaire','keeds Dendjor','Masculin','','+50937992628','Administration','2019-08-30 13:13:24',4,4,'NON'),(1406,'Lucce','Nadia','Feminin','','+50936000982','','2019-08-30 13:13:33',4,4,'NON'),(1407,'Moise','Isemintha','Feminin','','+50946028646','Administration','2019-08-30 13:13:39',4,4,'NON'),(1408,'Benjamin','Lubens','Masculin','','+50931660884','','2019-08-30 13:14:20',4,4,'NON'),(1409,'Diralus','Ralph Clarens','Masculin','','+50944450203','','2019-08-30 13:14:23',4,4,'NON'),(1410,'Voltaire','Gerlande','Feminin','','+50937454435','','2019-08-30 13:16:36',4,4,'NON'),(1411,'Derat','Diana','Feminin','','+50948079380','','2019-08-30 13:16:59',4,4,'NON'),(1412,'Desaugustes','Modeline','Feminin','','+50931864164','','2019-08-30 13:17:00',4,4,'NON'),(1413,'Cheristale','Erceda','Feminin','','+50944721157','Administration','2019-08-30 13:17:09',4,4,'NON'),(1414,'Preval','Kendia','Feminin','','+50941545378','','2019-08-30 13:17:14',4,4,'NON'),(1415,'Loriston','Ivelanda','Feminin','','+50947914166','','2019-08-30 13:17:23',4,4,'NON'),(1416,'Jean Baptiste','Hensy','Feminin','','+50937394591','Administration','2019-08-30 13:17:48',4,4,'NON'),(1417,'Francois','Fiona','Feminin','','+50949058586','','2019-08-30 13:18:05',4,4,'NON'),(1418,'Caze','Michelle Fredeline','Feminin','','+50940840386','','2019-08-30 13:18:07',4,4,'NON'),(1419,'Demeus','Hudtchy','Masculin','','+50934541791','','2019-08-30 13:18:27',4,4,'NON'),(1420,'Merilus','Betsaida','Feminin','','+50940922202','','2019-08-30 13:21:45',4,4,'NON'),(1421,'Joisaint','Patricia','Feminin','','+50934093830','','2019-08-30 13:23:02',4,4,'NON'),(1422,'Chery','Sophia','Feminin','','+50946410751','','2019-08-30 13:23:22',4,4,'NON'),(1423,'Sejour','Evara','Feminin','','+50944084376','','2019-08-30 13:23:40',4,4,'NON'),(1424,'Millien','Kervenson','Masculin','','+50944259113','','2019-08-30 13:24:21',4,4,'NON'),(1425,'Termitude','Kemberlie','Feminin','','+50936705663','','2019-08-30 13:25:55',4,4,'NON'),(1426,'Texama','Askaina','Feminin','','+50936657015','','2019-08-30 13:27:32',4,4,'NON'),(1427,'Duclaire','Fabiola','Feminin','','+50940922754','','2019-08-30 13:27:47',4,4,'NON'),(1428,'Hypolite','Kethuta','Feminin','','+50939446409','','2019-08-30 13:28:17',4,4,'NON'),(1429,'Hypolite','shama','Feminin','','+50948417750','','2019-08-30 13:28:22',4,4,'NON'),(1430,'Cadet','Youvens','Feminin','','+50947333683','','2019-08-30 13:31:05',4,4,'NON'),(1431,'Cadeau','Krisman','Masculin','','+50934334313','','2019-08-30 13:32:28',4,4,'NON'),(1432,'Eugene','Junie','Feminin','','+50948044593','','2019-08-30 13:32:59',4,4,'NON'),(1433,'Chery','Juliene','Feminin','','+50947511908','','2019-08-30 13:33:17',4,4,'NON'),(1434,'SENAT','Monise','Feminin','','+50946088598','etudiante','2019-08-30 13:33:30',4,4,'NON'),(1435,'Michel','King-ces','Feminin','','+50934851170','','2019-08-30 13:33:38',4,4,'NON'),(1436,'Alexis','Wilnide','Feminin','','+50934831913','','2019-08-30 13:33:41',4,4,'NON'),(1437,'Siris','Emmanuel','Masculin','','+50949301697','','2019-08-30 13:33:53',4,4,'NON'),(1438,'Mutial','Samanthalove','Feminin','','+50938886580','','2019-08-30 13:35:07',4,4,'NON'),(1439,'Eugiene','Beatrice','Feminin','','+50943691461','','2019-08-30 13:36:39',4,4,'NON'),(1440,'Jean-Pierre','Cliford','Masculin','','+50938654284','','2019-08-30 13:36:49',4,4,'NON'),(1441,'Berotte','Stanley','Masculin','','+50938097101','','2019-08-30 13:37:25',4,4,'NON'),(1442,'Britus','Marie Landrie','Feminin','','+50947391829','Infimiere','2019-08-30 13:37:34',4,4,'NON'),(1443,'REMEDOR','Jelitza','Feminin','','+50939422954','etudiante','2019-08-30 13:37:46',4,4,'NON'),(1444,'Esperance','Nathalie','Feminin','','+50944139700','','2019-08-30 13:37:57',4,4,'NON'),(1445,'St Julien','Rama','Feminin','','+50933347996','','2019-08-30 13:38:20',4,4,'NON'),(1446,'Silus','Camie','Feminin','','+50949376856','','2019-08-30 13:39:08',4,4,'NON'),(1447,'Pierre','Jasmine','Feminin','','+50938543998','Marcketing','2019-08-30 13:39:35',4,4,'NON'),(1448,'Imera','Mirlene','Feminin','','+50937681095','','2019-08-30 13:39:44',4,4,'NON'),(1449,'Pierre','Herby','Masculin','','+50931298338','','2019-08-30 13:40:29',4,4,'NON'),(1450,'Marthurin','Adamer Jefferson','Masculin','','+50944588351','Ingenieur','2019-08-30 13:41:05',4,4,'NON'),(1451,'Geffard','Jimie','Feminin','','+50931306424','','2019-08-30 13:41:06',4,4,'NON'),(1452,'Dorlus','Sarhah','Feminin','','+50937975673','','2019-08-30 13:41:27',4,4,'NON'),(1453,'Pierre','woodline','Feminin','','+50946065067','Administration','2019-08-30 13:41:44',4,4,'NON'),(1454,'Anesy','Sandy','Masculin','','+50947378479','','2019-08-30 13:42:34',4,4,'NON'),(1455,'Timothee','Davidson','Masculin','','+50938525114','','2019-08-30 13:43:18',4,4,'NON'),(1456,'Jean','Miguel Bataille','Masculin','','+50949220648','','2019-08-30 13:43:58',4,4,'NON'),(1457,'Sonide','Edlyne','Feminin','','+50937555872','Ecoliere','2019-08-30 13:44:15',4,4,'NON'),(1458,'Alcime','Garry','Masculin','','+50936004975','','2019-08-30 13:44:40',4,4,'NON'),(1459,'Vernot','Miselande','Feminin','','+50940404709','','2019-08-30 13:45:14',4,4,'NON'),(1460,'Eugene','Medjina','Feminin','','+50940370717','Administration','2019-08-30 13:45:35',4,4,'NON'),(1461,'Jocelyn','Magalie','Feminin','','+50946464664','Scs Humaine','2019-08-30 13:45:45',4,4,'NON'),(1462,'Felicien','Lovenscie','Feminin','','+50933944330','','2019-08-30 13:45:57',4,4,'NON'),(1463,'Basile','Sherline','Feminin','','+50939025962','Administratrice','2019-08-30 13:46:24',4,4,'NON'),(1464,'VERVIL','Makenson','Masculin','','+50948440630','','2019-08-30 13:46:43',4,4,'NON'),(1465,'Nerestant','Daniel','Masculin','','+50947077515','Sces Comptable','2019-08-30 13:46:47',4,4,'NON'),(1466,'Fabre','Chrislene','Feminin','','+50936249994','Comptable','2019-08-30 13:47:06',4,4,'NON'),(1467,'Emmanuel','Wisly','Masculin','','+50947273846','Genie Civil','2019-08-30 13:47:29',4,4,'NON'),(1468,'Louis','Estephania','Feminin','','+50944209252','','2019-08-30 13:47:30',4,4,'NON'),(1469,'Lafortune','Bildad','Masculin','','+50949171048','','2019-08-30 13:47:41',4,4,'NON'),(1470,'Pierre','Juvanelle','Feminin','','+50947347943','','2019-08-30 13:48:24',4,4,'NON'),(1471,'Cherry','Witzart','Feminin','','+50937385593','','2019-08-30 13:48:29',4,4,'NON'),(1472,'Jean','Sophonie','Feminin','','+50937108899','','2019-08-30 13:49:02',4,4,'NON'),(1473,'Denis','Junior','Masculin','','+50943907810','','2019-08-30 13:49:24',4,4,'NON'),(1474,'Fanfan','Medjine','Feminin','','+50931561029','','2019-08-30 13:49:37',4,4,'NON'),(1475,'Charles','Franceska','Feminin','','+50948395719','','2019-08-30 13:50:07',4,4,'NON'),(1476,'Exantus','Almania','Feminin','','+50931829894','Infirmiere','2019-08-30 13:50:42',4,4,'NON'),(1477,'Henry','Malachina','Feminin','','+50949007573','','2019-08-30 13:50:44',4,4,'NON'),(1478,'Bazelais','Mirlaine','Feminin','','+50948257471','','2019-08-30 13:50:46',4,4,'NON'),(1479,'Saint-Fort','Degre','Masculin','','+50947527642','Iformaticien','2019-08-30 13:51:02',4,4,'NON'),(1480,'Derosier','Elysee','Masculin','','+50948339904','Sces Comptable','2019-08-30 13:51:21',4,4,'NON'),(1481,'Silien','Junette','Feminin','','+50946013924','','2019-08-30 13:51:22',4,4,'NON'),(1482,'saintile','Ezahy','Masculin','','+50934415355','','2019-08-30 13:51:42',4,4,'NON'),(1483,'Dorleus','Loudemie','Feminin','','+50943770458','','2019-08-30 13:51:49',4,4,'NON'),(1484,'Joseph','Marie-Jocelyne','Masculin','','+50936458398','','2019-08-30 13:52:24',4,4,'NON'),(1485,'Michel','Marie Lauze','Feminin','','+50948209837','','2019-08-30 13:52:33',4,4,'NON'),(1486,'Doris','Berlindy','Masculin','','+50931280842','','2019-08-30 13:53:07',4,4,'NON'),(1487,'St Preux','Isemanie','Feminin','','+50943454960','Gestion','2019-08-30 13:53:22',4,4,'NON'),(1488,'Blaise','Love Hindy','Masculin','','+50936698915','Sces Comptable','2019-08-30 13:54:03',4,4,'NON'),(1489,'Pierre','Saraphina','Feminin','','+50948217141','Infirmiere','2019-08-30 13:54:10',4,4,'NON'),(1490,'St Hubert','Cherly','Feminin','','+50940462287','','2019-08-30 13:54:16',4,4,'NON'),(1491,'Roosvelt','Leon','Masculin','','+50938016296','Comptable','2019-08-30 13:54:22',4,4,'NON'),(1492,'Toussaint','Bekenson','Masculin','','+50944456498','','2019-08-30 13:54:57',4,4,'NON'),(1493,'Jules','Ketine','Feminin','','+50937627546','Sces Comptable','2019-08-30 13:55:02',4,4,'NON'),(1494,'Louis-Jeune','James','Masculin','','+50948438892','Informaticien','2019-08-30 13:55:17',4,4,'NON'),(1495,'Joseph','Jameson','Masculin','','+50946251951','Comptable','2019-08-30 13:55:33',4,4,'NON'),(1496,'Mesilas','Christelle','Feminin','','+50949272451','','2019-08-30 13:55:38',4,4,'NON'),(1497,'Saintil','Tathiana','Feminin','','+50934878963','Administration','2019-08-30 13:56:00',4,4,'NON'),(1498,'Duclas','Angelo','Masculin','','+50947672918','Genie Civil','2019-08-30 13:56:15',4,4,'NON'),(1499,'Exantus','Thewens','Masculin','','+50937176548','','2019-08-30 13:56:20',4,4,'NON'),(1500,'Pierre','Adine Kimberlie','Feminin','','+50944690069','','2019-08-30 13:56:27',4,4,'NON'),(1501,'Lorima','Marie Kencia','Feminin','','+50939218508','','2019-08-30 13:56:29',4,4,'NON'),(1502,'Rolan','Rodlin','Masculin','','+50931838573','Informaticien','2019-08-30 13:56:35',4,4,'NON'),(1503,'Jacinthe','Isaac','Masculin','','+50949322603','Comptable','2019-08-30 13:56:41',4,4,'NON'),(1504,'Charles','Kendercy','Masculin','','+50944490789','Sces Comptable','2019-08-30 13:56:51',4,4,'NON'),(1505,'Louis','Baguidy','Masculin','','+50934698705','','2019-08-30 13:57:04',4,4,'NON'),(1506,'Elie','Bertile','Feminin','','+50937154724','Administration','2019-08-30 13:57:13',4,4,'NON'),(1507,'Aceus','Jonese','Feminin','','+50933233020','','2019-08-30 13:57:46',4,4,'NON'),(1508,'Louis','klide','Feminin','','+50947141409','admistration','2019-08-30 13:57:53',4,4,'NON'),(1509,'Julien','Kency Love','Feminin','','+50947593851','Administration','2019-08-30 13:58:00',4,4,'NON'),(1510,'Louis','Clifford','Masculin','','+50938201375','','2019-08-30 13:58:19',4,4,'NON'),(1511,'Evens','Dorcilien','Masculin','','+50938471796','','2019-08-30 13:59:27',4,4,'NON'),(1512,'Gédéon','Medina','Masculin','','+50931245734','Comptable','2019-08-30 13:59:29',4,4,'NON'),(1513,'Julme','Joel','Masculin','','+50931384248','Sces Comptable','2019-08-30 13:59:38',4,4,'NON'),(1514,'Joseph','Woltime','Masculin','','+50948418315','','2019-08-30 13:59:56',4,4,'NON'),(1515,'Amesfort','Jefferson','Masculin','','+50933192751','Sces Juridiques','2019-08-30 14:00:34',4,4,'NON'),(1516,'Erilus','Jean Bertho Milbo','Masculin','','+50939470604','','2019-08-30 14:00:54',4,4,'NON'),(1517,'Contisme','Stevens','Masculin','','+50933285420','','2019-08-30 14:01:14',4,4,'NON'),(1518,'Rabel','Verly Alexandre Ney Raboo','Masculin','','+50931219360','','2019-08-30 14:01:41',4,4,'NON'),(1519,'Sainthilaire','Mackendy','Masculin','','+50936944655','Sces Juridiques','2019-08-30 14:01:42',4,4,'NON'),(1520,'Milfort','Herby','Masculin','','+50948490521','','2019-08-30 14:02:35',4,4,'NON'),(1521,'Louidor','GuyThley','Masculin','','+50938475095','','2019-08-30 14:03:06',4,4,'NON'),(1522,'Felicien','Orlson Philmarole','Masculin','','+50936638619','','2019-08-30 14:03:07',4,4,'NON'),(1523,'Prosper','Guerlande','Feminin','','+50942080839','','2019-08-30 14:04:17',4,4,'NON'),(1524,'St Villier','Jean Mick','Masculin','','+50931286551','','2019-08-30 14:04:55',4,4,'NON'),(1525,'Jean Loius','Nephtalie','Feminin','','+50948077432','','2019-08-30 14:05:30',4,4,'NON'),(1526,'Pericles','Ronald','Masculin','','+50942657768','','2019-08-30 14:06:14',4,4,'NON'),(1527,'Fleuritus','Elines','Masculin','','+50946085872','','2019-08-30 14:06:56',4,4,'NON'),(1528,'Oliscat','Dieulec','Masculin','','+50936931862','','2019-08-30 14:06:59',4,4,'NON'),(1529,'Duplan','Pierre Richard','Masculin','','+50948959395','','2019-08-30 14:07:02',4,4,'NON'),(1530,'Luxamar','Jeanlouibert','Masculin','','+50931925010','','2019-08-30 14:07:39',4,4,'NON'),(1531,'Phanor','Dieusibon','Masculin','','+50932984531','','2019-08-30 14:08:13',4,4,'NON'),(1532,'Anestil','Camide','Feminin','','+50941506051','','2019-08-30 14:09:18',4,4,'NON'),(1533,'Achelus','Bulle-yolly','Masculin','','+50936459553','','2019-08-30 14:09:37',4,4,'NON'),(1534,'Jean','Lucfener','Masculin','','+50948097892','','2019-08-30 14:09:45',4,4,'NON'),(1535,'Sinoise','Bacianie','Feminin','','+50940852028','','2019-08-30 14:10:18',4,4,'NON'),(1536,'Gabrielle','Jessica','Feminin','','+50944673826','','2019-08-30 14:10:53',4,4,'NON'),(1537,'MONCHERE','Wiskenda','Feminin','','+50949272509','','2019-08-30 14:11:25',4,4,'NON'),(1538,'JN BAPTISTE','Junior','Masculin','','+50946592929','','2019-08-30 14:12:02',4,4,'NON'),(1539,'Louis','Emmanuel','Masculin','','+50946138361','Comptable','2019-08-30 14:12:13',4,4,'NON'),(1540,'OJOUR','Carrine','Feminin','','+50934865118','','2019-08-30 14:13:00',4,4,'NON'),(1541,'Inora','Yousedrine','Feminin','','+50944126478','','2019-08-30 14:13:33',4,4,'NON'),(1542,'Julien','Ester Schnaidine','Feminin','','+50937797910','','2019-08-30 14:15:23',4,4,'NON'),(1543,'Methelus','Marco','Masculin','','+50938487471','','2019-08-30 14:15:36',4,4,'NON'),(1544,'Charleus','Gerlanda','Feminin','','+50938617280','','2019-08-30 14:16:01',4,4,'NON'),(1545,'Paul','Vanessa','Feminin','','+50946446161','','2019-08-30 14:17:12',4,4,'NON'),(1546,'Gregoire','Lovely','Feminin','','+50947994440','','2019-08-30 14:17:55',4,4,'NON'),(1547,'Alexandre','Gregory','Masculin','','+50934348801','','2019-08-30 14:18:02',4,4,'NON'),(1548,'DELVA','Ludge Rotchild','Masculin','','+50938279117','','2019-08-30 14:18:06',4,4,'NON'),(1549,'Mathurin','Frantzdy','Masculin','','+50938479845','Ingenieur','2019-08-30 14:22:55',4,4,'NON'),(1550,'Samedy','Yfonia','Feminin','','+50931631046','','2019-08-30 14:23:04',4,4,'NON'),(1551,'Merlin','Sonel','Masculin','','+50946504412','','2019-08-30 14:23:51',4,4,'NON'),(1552,'Joseph','Rutchina','Feminin','','+50938973579','','2019-08-30 14:26:16',4,4,'NON'),(1553,'Milien','Stanley','Masculin','','+50944399983','','2019-08-30 14:26:51',4,4,'NON'),(1554,'Guillaume','Jean Eugène','Masculin','','+50943060938','','2019-08-30 14:27:21',4,4,'NON'),(1555,'Philippe','Joseph Schneider','Masculin','','+50931660987','','2019-08-30 14:28:37',4,4,'NON'),(1556,'Odvil','Dady Alfred','Masculin','','+50937935611','','2019-08-30 14:29:05',4,4,'NON'),(1557,'Normil','Renise','Feminin','','+50939277518','Infirmiere','2019-08-30 14:29:31',4,4,'NON'),(1558,'Augustin','Roseline','Feminin','','+50944109060','','2019-08-30 14:29:45',4,4,'NON'),(1559,'Milien','Dieunane','Feminin','','+50947502898','','2019-08-30 14:30:27',4,4,'NON'),(1560,'Domercant','Louvens','Masculin','','+50949202946','','2019-08-30 14:30:59',4,4,'NON'),(1561,'Jean Baptiste','Jordanson','Masculin','','+50949319272','','2019-08-30 14:31:27',4,4,'NON'),(1562,'Jean','Woods Olivier','Masculin','','+50938855067','','2019-08-30 14:33:17',4,4,'NON'),(1563,'Destin','Withford','Masculin','','+50936513551','','2019-08-30 14:33:23',4,4,'NON'),(1564,'Simeon','Louis Stecker','Masculin','','+50944903547','','2019-08-30 14:33:53',4,4,'NON'),(1565,'Duvert','Therlege','Feminin','','+50947945286','','2019-08-30 14:34:27',4,4,'NON'),(1566,'St Eloit','Kendy','Masculin','','+50946121316','','2019-08-30 14:35:46',4,4,'NON'),(1567,'Dorgeon','Pen-Chino','Masculin','','+50936529274','','2019-08-30 14:36:18',4,4,'NON'),(1568,'Lubin','Deborah','Feminin','','+50936017124','','2019-08-30 14:36:54',4,4,'NON'),(1569,'Lubin','Steeve','Masculin','','+50949027808','','2019-08-30 14:37:19',4,4,'NON'),(1570,'Clauristin','Guerdie','Feminin','','+50948025926','','2019-08-30 14:40:51',4,4,'NON'),(1571,'Gerome','Valery','Masculin','','+50949012499','','2019-08-30 14:41:28',4,4,'NON'),(1572,'Desor','Guishny','Masculin','','+50946591126','Sces Informatiques','2019-08-30 14:45:25',4,4,'NON'),(1573,'Byron','Amineda Jennifer','Feminin','','+50948792777','','2019-08-30 14:48:59',4,4,'NON'),(1574,'Olivier','Missane','Feminin','','+50938270855','','2019-08-30 14:50:48',4,4,'NON'),(1575,'Jean Claude','David','Masculin','','+50947200179','','2019-08-30 14:56:24',4,4,'NON'),(1576,'Dolné','Peterson','Masculin','','+50934952247','Comptable','2019-08-30 14:57:22',4,4,'NON'),(1577,'Dorval','Alfred','Masculin','','+50944430350','','2019-08-30 15:01:06',4,4,'NON'),(1578,'Ti pye','JanJil','Masculin','','+50944023716','','2019-08-30 15:02:49',4,4,'NON'),(1579,'Luma','Lubens','Masculin','loubensluma8@gmail.com','+50947113380','Informaticien','2019-09-02 12:42:48',4,4,'NON'),(1582,'Toussaint','Weedcahard','Masculin','fajescm@gmail.com','+509+50944463728','','2020-02-14 16:52:21',6,14,'NON'),(1585,'Therlonge','Roldens','Masculin','','+50947900551','','2020-02-16 12:17:19',5,12,'NON'),(1586,'Charles','Jerry','Masculin','','+50947668072','','2020-02-16 12:17:57',5,12,'NON'),(1587,'Charles','Marculene','Feminin','','+50937222014','','2020-02-17 07:59:55',5,12,'NON'),(1588,'Stanley','St-Cyr','Masculin','valenciablaise24@gmail.com','+50947161106','','2020-03-12 19:15:53',8,15,'NON'),(1589,'www','dd','Masculin','admi@gmail.com','+50928752925','222','2020-03-27 16:59:07',11,1,'NON'),(1590,'yftf','yfy','Masculin','','+50911111111','','2020-03-31 15:33:40',11,1,'NON');
/*!40000 ALTER TABLE `participant` ENABLE KEYS */;
UNLOCK TABLES;
COMMIT;

-- Dumped table `participant` with 1565 row(s)
--

--
-- Table structure for table `setting`
--

/*!40101 SET @saved_cs_client     = @@character_set_client */;
/*!40101 SET character_set_client = utf8 */;
CREATE TABLE `setting` (
  `id` int NOT NULL AUTO_INCREMENT,
  `id_user` int NOT NULL DEFAULT '0',
  `device_id` varchar(50) DEFAULT NULL,
  `phone` varchar(50) DEFAULT 'n/a',
  `message` varchar(500) DEFAULT NULL,
  `date` datetime NOT NULL DEFAULT CURRENT_TIMESTAMP,
  PRIMARY KEY (`id`),
  KEY `FK_setting_utilisateur` (`id_user`)
) ENGINE=InnoDB AUTO_INCREMENT=16 DEFAULT CHARSET=latin1;
/*!40101 SET character_set_client = @saved_cs_client */;

--
-- Dumping data for table `setting`
--

LOCK TABLES `setting` WRITE;
/*!40000 ALTER TABLE `setting` DISABLE KEYS */;
SET autocommit=0;
INSERT INTO `setting` VALUES (6,1,'cc67705915','dkiff','Ok ok ok','2019-07-31 13:29:54'),(8,14,'9D5838B8C7731BC1','+50944721975','Bonsoir','2020-02-14 16:46:47'),(10,12,'FE81239718','32678345','Ou jwenn li?','2020-02-16 15:24:32'),(11,1,'MU25075376','50947161106','dfghj','2020-03-12 17:53:09'),(15,1,'wwwwwwwwww','wwwwwwww','wwwww','2020-03-27 16:58:30');
/*!40000 ALTER TABLE `setting` ENABLE KEYS */;
UNLOCK TABLES;
COMMIT;

-- Dumped table `setting` with 5 row(s)
--

--
-- Table structure for table `utilisateur`
--

/*!40101 SET @saved_cs_client     = @@character_set_client */;
/*!40101 SET character_set_client = utf8 */;
CREATE TABLE `utilisateur` (
  `id` int NOT NULL AUTO_INCREMENT,
  `pseudo` varchar(20) DEFAULT NULL,
  `email` varchar(100) DEFAULT NULL,
  `nom` varchar(100) DEFAULT NULL,
  `prenom` varchar(100) DEFAULT NULL,
  `role` varchar(50) DEFAULT NULL,
  `active` enum('oui','non') DEFAULT 'non',
  `motdepasse` varchar(500) DEFAULT NULL,
  `statut` varchar(50) NOT NULL DEFAULT '1',
  `date` datetime NOT NULL DEFAULT CURRENT_TIMESTAMP,
  `telephone` varchar(50) DEFAULT NULL,
  `photo` varchar(900) NOT NULL DEFAULT '''n/a''',
  PRIMARY KEY (`id`)
) ENGINE=InnoDB AUTO_INCREMENT=20 DEFAULT CHARSET=latin1;
/*!40101 SET character_set_client = @saved_cs_client */;

--
-- Dumping data for table `utilisateur`
--

LOCK TABLES `utilisateur` WRITE;
/*!40000 ALTER TABLE `utilisateur` DISABLE KEYS */;
SET autocommit=0;
INSERT INTO `utilisateur` VALUES (1,'fater','wilkerdorvelus@yahoo.com','dorvelus','wilker','admin','oui','$2y$10$KQXrx99R4kW.nCRpetM.TuscRkIJfb0pwKKOK3DSvl9wA0.QiixT6','1','2019-04-11 15:18:04','+509 3111 0731','app/DefaultApp/public/img/pp.jpg'),(2,'alcindorlos','alcindorlos@gmail.com','','','admin','oui','$2y$10$EV/.5o3CdTP265mmlEYhN./16ubMizYWTcUD2vir3ayUfOwJJBvJm','1','2019-07-11 09:54:33','50933964995','app/DefaultApp/public/img/IMG_0054 (2).JPG'),(4,'ccsgroupe','loubensluma8@gmail.com','luma','lubens','inviter','oui','$2y$10$xe3Z9CMbnY0btET9sL/wV.uhxvbmE2oMEECe02zry5O10F3woZJ5e','1','2019-07-31 12:57:12','+50947113380','app/DefaultApp/public/img/20180913_151352.jpg'),(7,'louis@gmai.com','louis@gmai.com','louis segeant','','registrant','oui','$2y$10$zopBgJ/c83tcStVtTheGEOjPgcR99/hmf74MLJtL2hidOZbw834Oa','0','2019-08-27 10:46:25','',''),(8,'andytihit','tihit509@gmail.com',NULL,NULL,'inviter','oui','$2y$10$tFEaJd6rJ7XMBxnTcL/pVOCg/fCEFxoKDNW5nYjdq3frj1vZeaGKK','1','2019-08-29 15:12:07',NULL,'\'n/a\''),(9,'herby charles','charlesherby@yahoo.com','charles','herby','admin','oui','$2y$10$5Z3g3hHmByMJ1Wb37bQ2OeoS2fx.PMLr0ZOLWNMphWZsBmQ8GHPBi','1','2019-09-15 10:07:18','+50944720056','app/DefaultApp/public/img/E56D34CF-56C5-4BC9-9442-A8858143E2E6.jpeg'),(11,'fusion des associati','fajescm@gmail.com',NULL,NULL,'inviter','oui','$2y$10$tfJUCkYcWlEWxMlvVBYZ4.enwIhb6MkFyf76HfRrFQexj6H59HyLe','1','2020-02-01 21:39:47',NULL,'\'n/a\''),(12,'festi4.0','jerrycharles586@gmail.com',NULL,NULL,'inviter','oui','$2y$10$.ckOhkqC7y3gnLbG9nd48ek85jmfZpNzDUvmonopRoet./qTeJ3Iy','0','2020-02-10 15:19:21',NULL,'\'n/a\''),(14,'fusion des jeunes','weedchardtoussaint@yahoo.fr','toussaint','weedcahard','inviter','oui','$2y$10$wsnVF71mo5zPR74ixwl6CO/NtN10wcWX7hZZbgFvhu3NtDLUYvVge','1','2020-02-11 22:14:05','+50944721975','app/DefaultApp/public/img/Comité FAJESCM 20191102_111549.jpg'),(15,'mundy','mundy0689@gmail.com','','','inviter','oui','$2y$10$Ur27NF5UUOfhfjw6NwoLR.1eJYojAIiWcMe8AMcrpdI9.H.X/uAoi','1','2020-03-09 20:21:27','','app/DefaultApp/public/img/zombie-blue_88879-111.jpg'),(18,'admin@gmail.com','admin@gmail.com','ww','','registrant','oui','$2y$10$CAIVqzdvc0fNKZUpR0t69e88w4NmF2a//I4axjXkiuqbWsxiCD3EW','1','2020-03-27 16:59:34','',''),(19,'fater04','testwwww@gmail.com',NULL,NULL,'inviter','non','$2y$10$KQXrx99R4kW.nCRpetM.TuscRkIJfb0pwKKOK3DSvl9wA0.QiixT6','1','2020-03-28 21:36:30',NULL,'\'n/a\'');
/*!40000 ALTER TABLE `utilisateur` ENABLE KEYS */;
UNLOCK TABLES;
COMMIT;

-- Dumped table `utilisateur` with 12 row(s)
--

/*!40103 SET TIME_ZONE=@OLD_TIME_ZONE */;
/*!40101 SET SQL_MODE=@OLD_SQL_MODE */;
/*!40014 SET FOREIGN_KEY_CHECKS=@OLD_FOREIGN_KEY_CHECKS */;
/*!40014 SET UNIQUE_CHECKS=@OLD_UNIQUE_CHECKS */;
/*!40101 SET CHARACTER_SET_CLIENT=@OLD_CHARACTER_SET_CLIENT */;
/*!40101 SET CHARACTER_SET_RESULTS=@OLD_CHARACTER_SET_RESULTS */;
/*!40101 SET COLLATION_CONNECTION=@OLD_COLLATION_CONNECTION */;
/*!40111 SET SQL_NOTES=@OLD_SQL_NOTES */;

-- Dump completed on: Wed, 08 Apr 2020 13:50:42 -0400
